customer_id,first_name,last_name,Emails,first_transaction_date,city,total_transactions,total_transaction_amount
1000,William,Madison:&UNwkfF,"William.Madison@gmail.net,William.Madison@company.org",28-08-2015,Providence,19,4694
1001,Calvin,Jackson:&b5Ao5O,Calvin.Jackson@yahoo.com,02-10-2015,Boston,16,4708
1002,Dwight,Kennedy:&MDJ1Jn,Dwight.Kennedy@gmail.net,23-01-2016,Hartford,5,3408
1003,Richard,Roosevelt:&IYbxra,"Richard.Roosevelt@gmail.org,Richard.Roosevelt@company.com",07-12-2016,Topeka,14,2981
1004,James,Quincy:&KuNqYy,"James.Quincy@yahoo.net,James.Quincy@company.com",07-04-2015,Columbus,12,4423
1005,Zachary,Clinton:&DM4dCw,Zachary.Clinton@gmail.com,28-03-2016,Concord,11,2316
1006,Martin,Harding:&7N87ky,"Martin.Harding@yahoo.org,Martin.Harding@company.org",23-07-2015,Albany,1,2508
1007,Bill,Wilson:&C3OYAH,"Bill.Wilson@yahoo.com,Bill.Wilson@company.org",14-10-2015,Jackson,16,3079
1008,Benjamin,Ford:&jQIv2A,"Benjamin.Ford@yahoo.net,Benjamin.Ford@company.org",25-07-2015,Nashville,16,3394
1009,Richard,Monroe:&zdhBaC,Richard.Monroe@gmail.com,07-04-2015,Sacramento,9,4483
1010,Jimmy,Roosevelt:&s1BS6Z,"Jimmy.Roosevelt@gmail.com,Jimmy.Roosevelt@company.net",06-05-2015,Saint Paul,12,4151
1011,Franklin,Coolidge:&dTYhoY,Franklin.Coolidge@gmail.org,02-01-2016,Santa Fe,7,2748
1012,John,Adams:&QOZ2jR,John.Adams@gmail.net,03-10-2015,Madison,18,3077
1013,Gerald,Johnson:&oNzmGV,Gerald.Johnson@gmail.com,01-05-2016,Charleston,15,2577
1014,Gerald,Monroe:&Rjp0Nv,Gerald.Monroe@gmail.net,23-02-2016,Sacramento,2,2164
1015,Ulysses,Pierce:&d9smEB,Ulysses.Pierce@gmail.net,01-08-2015,Boston,14,4264
1016,Benjamin,Truman:&ESOQyw,Benjamin.Truman@gmail.net,26-09-2016,Bismarck,16,2050
1017,Calvin,Jefferson:&CBGkZx,Calvin.Jefferson@gmail.org,01-09-2015,Providence,7,2994
1018,Zachary,Cleveland:&C8Ogah,"Zachary.Cleveland@gmail.com,Zachary.Cleveland@company.net",02-06-2016,Harrisburg,20,2747
1019,Dwight,Clinton:&5gEsa1,"Dwight.Clinton@yahoo.net,Dwight.Clinton@company.org",19-03-2015,Dover,3,4947
1020,Rutherford,Johnson:&w2KRm6,"Rutherford.Johnson@yahoo.org,Rutherford.Johnson@company.com",26-12-2016,Helena,1,4992
1021,Ronald,Pierce:&UOSo7D,Ronald.Pierce@gmail.org,18-02-2015,Nashville,19,2349
1022,Andrew,Clinton:&pox7rt,"Andrew.Clinton@yahoo.net,Andrew.Clinton@company.com",25-10-2015,Montpelier,18,3706
1023,Millard,Roosevelt:&v1HKAR,Millard.Roosevelt@gmail.net,27-08-2016,Nashville,12,3633
1024,William,Roosevelt:&xI5cRQ,William.Roosevelt@yahoo.com,25-07-2016,Charleston,6,2069
1025,Warren,Roosevelt:&PnF0T8,Warren.Roosevelt@gmail.com,10-09-2016,Denver,19,3668
1026,Franklin,Johnson:&GRtN1w,Franklin.Johnson@yahoo.org,15-05-2015,Saint Paul,10,3292
1027,Millard,Fillmore:&fbZTDq,Millard.Fillmore@yahoo.org,11-08-2016,Raleigh,15,3775
1028,Abraham,Garfield:&ghYVmj,Abraham.Garfield@yahoo.net,17-02-2016,Des Moines,20,4898
1029,William,Ford:&WMolYj,William.Ford@yahoo.com,13-02-2016,Boise,17,2181
1030,Ulysses,Harrison:&AnHf5U,"Ulysses.Harrison@gmail.com,Ulysses.Harrison@company.net",14-07-2016,Saint Paul,3,2649
1031,Calvin,Washington:&yoprBz,Calvin.Washington@gmail.com,25-11-2016,Pierre,3,4194
1032,Abraham,Arthur:&JcD81H,"Abraham.Arthur@gmail.org,Abraham.Arthur@company.org",31-05-2015,Helena,9,3460
1033,Calvin,Clinton:&zBkVWB,"Calvin.Clinton@gmail.org,Calvin.Clinton@company.org",27-09-2016,Montpelier,3,3444
1034,Jimmy,Polk:&AudSwZ,Jimmy.Polk@gmail.org,21-12-2015,Topeka,18,2583
1035,Bill,Roosevelt:&uqKPI1,Bill.Roosevelt@gmail.org,23-09-2015,Nashville,12,4807
1036,Ulysses,Johnson:&OrsAKo,"Ulysses.Johnson@gmail.com,Ulysses.Johnson@company.net",07-04-2015,Helena,12,2700
1037,Chester,Van Buren:&apj3JP,Chester.Van Buren@yahoo.com,11-10-2016,Trenton,13,4107
1038,Dwight,Harrison:&xiKk8i,Dwight.Harrison@yahoo.com,22-08-2015,Tallahassee,19,3226
1039,Ulysses,Clinton:&bTkDE1,Ulysses.Clinton@gmail.org,15-04-2015,Honolulu,12,4526
1040,Lyndon,Coolidge:&S0ErTR,Lyndon.Coolidge@gmail.com,15-10-2016,Honolulu,5,4232
1041,Andrew,Buchanan:&uF2Vc1,"Andrew.Buchanan@gmail.com,Andrew.Buchanan@company.org",30-06-2015,Atlanta,10,3900
1042,Harry,Harrison:&SF4Nir,Harry.Harrison@gmail.com,06-10-2015,Phoenix,20,2933
1043,John,Hayes:&ylUPqO,"John.Hayes@yahoo.org,John.Hayes@company.net",14-03-2015,Dover,4,2051
1044,Calvin,Jackson:&lv1YaP,"Calvin.Jackson@gmail.com,Calvin.Jackson@company.net",19-03-2015,Harrisburg,4,4898
1045,George,Wilson:&dmj3X8,George.Wilson@gmail.com,07-08-2015,Frankfort,6,3801
1046,Dwight,Garfield:&bHsqvs,Dwight.Garfield@yahoo.net,30-09-2016,Annapolis,17,2185
1047,Chester,Adams:&jawySF,Chester.Adams@yahoo.com,23-03-2015,Pierre,5,4909
1048,Ronald,Truman:&ZyVOsv,Ronald.Truman@yahoo.net,14-11-2016,Carson City,3,3306
1049,Woodrow,Wilson:&P6pvjV,"Woodrow.Wilson@yahoo.org,Woodrow.Wilson@company.com",26-01-2015,Augusta,14,2875
1050,Andrew,Eisenhower:&fUBpMb,"Andrew.Eisenhower@yahoo.com,Andrew.Eisenhower@company.net",19-01-2016,Charleston,15,3288
1051,James,Madison:&a4G7lT,James.Madison@yahoo.com,23-05-2015,Baton Rouge,10,4200
1052,Abraham,Arthur:&dIrnz9,Abraham.Arthur@yahoo.org,10-12-2015,Olympia,7,4956
1053,Harry,Hoover:&qJw6G3,"Harry.Hoover@gmail.org,Harry.Hoover@company.org",04-08-2016,Denver,10,2816
1054,Grover,Eisenhower:&0RQKQU,"Grover.Eisenhower@gmail.net,Grover.Eisenhower@company.net",29-07-2016,Frankfort,13,4297
1055,Herbert,Lincoln:&erUrJD,Herbert.Lincoln@gmail.com,12-12-2015,Little Rock,3,4140
1056,Woodrow,Harrison:&g8wVqW,"Woodrow.Harrison@yahoo.net,Woodrow.Harrison@company.org",10-03-2015,Phoenix,8,4856
1057,Jimmy,Arthur:&Um59m4,Jimmy.Arthur@yahoo.com,22-10-2016,Springfield,16,2278
1058,Gerald,Quincy:&NNovaT,Gerald.Quincy@yahoo.net,01-03-2016,Albany,17,3533
1059,George,Polk:&3MTNS1,George.Polk@yahoo.net,04-03-2016,Annapolis,9,2608
1060,James,Madison:&fElLaw,James.Madison@gmail.net,30-03-2015,Atlanta,7,4446
1061,Ronald,Arthur:&ZunphE,Ronald.Arthur@gmail.com,06-04-2015,Olympia,9,4245
1062,Woodrow,Harding:&nYjMYY,Woodrow.Harding@gmail.net,20-12-2016,Richmond,4,4310
1063,Woodrow,Taylor:&MnQUUd,Woodrow.Taylor@yahoo.net,10-05-2016,Dover,3,2177
1064,Franklin,Adams:&xPxqJC,"Franklin.Adams@gmail.net,Franklin.Adams@company.com",20-06-2016,Springfield,1,2715
1065,Chester,Adams:&iAl0Tc,Chester.Adams@yahoo.net,03-09-2015,Austin,9,2415
1066,Harry,Pierce:&ctqzHw,Harry.Pierce@gmail.com,29-11-2015,Columbia,2,3700
1067,Lyndon,McKinley:&V6Yli2,Lyndon.McKinley@yahoo.com,20-05-2015,Richmond,3,4610
1068,Warren,Taylor:&87TwjK,"Warren.Taylor@gmail.org,Warren.Taylor@company.org",24-08-2016,Montpelier,13,2272
1069,Bill,Clinton:&AgAvTU,Bill.Clinton@gmail.com,12-03-2015,Jackson,3,4766
1070,Benjamin,Hayes:&0tlura,Benjamin.Hayes@gmail.com,12-11-2015,Lansing,13,3155
1071,Rutherford,Harrison:&REfKjo,Rutherford.Harrison@yahoo.org,07-01-2015,Oklahoma City,18,4395
1072,James,Truman:&uzlBpE,James.Truman@yahoo.com,19-06-2015,Concord,13,4871
1073,Rutherford,Polk:&fz88vG,"Rutherford.Polk@yahoo.org,Rutherford.Polk@company.org",27-11-2016,Montpelier,8,4449
1074,Andrew,Grant:&fHO8uY,"Andrew.Grant@gmail.org,Andrew.Grant@company.com",02-03-2016,Sacramento,5,3052
1075,Millard,Garfield:&Vn8syL,Millard.Garfield@gmail.com,11-12-2015,Salt Lake City,12,4487
1076,Thomas,Jefferson:&o9OTfu,"Thomas.Jefferson@yahoo.net,Thomas.Jefferson@company.net",26-06-2015,Oklahoma City,13,2145
1077,Grover,Hoover:&BT0BmX,Grover.Hoover@yahoo.net,06-07-2015,Boise,19,2752
1078,Harry,Washington:&0eQmOo,"Harry.Washington@yahoo.net,Harry.Washington@company.com",10-01-2016,Helena,17,4702
1079,Ronald,Madison:&zVHn3D,"Ronald.Madison@yahoo.org,Ronald.Madison@company.com",18-02-2015,Pierre,10,3437
1080,Jimmy,Grant:&2fd9C2,Jimmy.Grant@yahoo.com,14-02-2015,Providence,11,3670
1081,Bill,Truman:&cRUYIo,Bill.Truman@gmail.net,11-09-2015,Providence,20,2272
1082,Woodrow,Clinton:&scSy7y,"Woodrow.Clinton@gmail.org,Woodrow.Clinton@company.net",12-06-2016,Lincoln,17,2622
1083,John,Harrison:&T7eMxC,John.Harrison@gmail.com,21-06-2015,Topeka,8,3091
1084,Calvin,Adams:&MPX1Jp,"Calvin.Adams@gmail.org,Calvin.Adams@company.com",11-11-2015,Lincoln,2,4811
1085,Warren,Harding:&agBXE5,Warren.Harding@gmail.net,07-04-2015,Saint Paul,5,2359
1086,Martin,Jefferson:&pUxORP,"Martin.Jefferson@yahoo.com,Martin.Jefferson@company.com",07-11-2016,Frankfort,18,2400
1087,Theodore,Harrison:&9RxgYn,"Theodore.Harrison@gmail.com,Theodore.Harrison@company.net",11-12-2016,Dover,20,4924
1088,James,Fillmore:&mKNlda,James.Fillmore@yahoo.org,26-04-2015,Columbus,7,3071
1089,Ronald,Pierce:&LeQCNU,"Ronald.Pierce@yahoo.org,Ronald.Pierce@company.com",06-07-2016,Salt Lake City,3,3943
1090,Lyndon,Van Buren:&mFe2IG,Lyndon.Van Buren@yahoo.org,22-02-2015,Des Moines,3,2343
1091,Theodore,Harrison:&ViLqku,"Theodore.Harrison@yahoo.net,Theodore.Harrison@company.net",26-11-2016,Honolulu,17,2434
1092,Lyndon,Grant:&NXxLxL,"Lyndon.Grant@gmail.org,Lyndon.Grant@company.org",28-07-2016,Salem,10,3937
1093,Benjamin,Kennedy:&dTi6g0,"Benjamin.Kennedy@yahoo.net,Benjamin.Kennedy@company.org",21-05-2016,Santa Fe,17,4400
1094,Rutherford,Van Buren:&Bsexvj,Rutherford.Van Buren@yahoo.org,05-03-2016,Bismarck,16,4993
1095,Gerald,Pierce:&Y28SC4,"Gerald.Pierce@yahoo.org,Gerald.Pierce@company.com",29-08-2015,Boston,11,2911
1096,Warren,Nixon:&l9BsZO,Warren.Nixon@gmail.org,26-09-2016,Saint Paul,1,3723
1097,Franklin,Polk:&kxecY7,"Franklin.Polk@yahoo.org,Franklin.Polk@company.org",21-05-2016,Dover,3,2720
1098,John,McKinley:&pYaL4T,"John.McKinley@yahoo.org,John.McKinley@company.com",07-04-2015,Harrisburg,16,3640
1099,Bill,Harrison:&K0YUXg,Bill.Harrison@gmail.org,16-04-2016,Boise,11,4800
1100,Theodore,Kennedy:&nV76xA,Theodore.Kennedy@gmail.com,31-05-2015,Raleigh,8,4137
1101,Harry,Polk:&OwjbbR,"Harry.Polk@yahoo.org,Harry.Polk@company.com",05-08-2015,Olympia,4,2481
1102,John,Garfield:&IV7P5a,John.Garfield@yahoo.com,28-01-2015,Baton Rouge,18,4204
1103,Jimmy,McKinley:&imtDhB,Jimmy.McKinley@yahoo.com,25-06-2016,Tallahassee,11,2778
1104,William,Johnson:&Kx5SMp,"William.Johnson@yahoo.org,William.Johnson@company.org",21-08-2015,Springfield,14,2607
1105,Woodrow,Tyler:&7oxIB9,Woodrow.Tyler@gmail.com,26-02-2016,Richmond,1,2586
1106,Warren,Taft:&dvfKaS,Warren.Taft@yahoo.net,19-10-2016,Jefferson City,13,4427
1107,Harry,Clinton:&i4Z2c6,Harry.Clinton@yahoo.net,08-12-2016,Carson City,7,4089
1108,Rutherford,Eisenhower:&Lfr8rj,"Rutherford.Eisenhower@yahoo.net,Rutherford.Eisenhower@company.net",16-09-2016,Baton Rouge,10,2767
1109,Ronald,Cleveland:&O5TzWt,"Ronald.Cleveland@gmail.net,Ronald.Cleveland@company.org",18-09-2016,Jackson,10,2058
1110,Woodrow,Carter:&7RfRKL,Woodrow.Carter@gmail.com,28-07-2015,Columbus,16,2763
1111,Franklin,Monroe:&J06dCa,Franklin.Monroe@gmail.com,28-04-2016,Des Moines,17,4482
1112,Warren,Eisenhower:&vwkWUX,Warren.Eisenhower@gmail.org,06-03-2016,Nashville,16,2581
1113,Woodrow,Roosevelt:&nGQlkE,"Woodrow.Roosevelt@gmail.com,Woodrow.Roosevelt@company.com",15-04-2015,Montpelier,4,3137
1114,Thomas,Tyler:&P5zaZE,Thomas.Tyler@gmail.com,28-02-2015,Providence,9,3433
1115,Warren,Lincoln:&KeE11p,"Warren.Lincoln@yahoo.org,Warren.Lincoln@company.org",05-12-2015,Annapolis,12,4530
1116,James,Monroe:&4w03Zs,"James.Monroe@gmail.com,James.Monroe@company.com",10-11-2016,Madison,20,4552
1117,Franklin,Roosevelt:&PZSMaQ,"Franklin.Roosevelt@yahoo.net,Franklin.Roosevelt@company.com",18-12-2015,Des Moines,20,3047
1118,Gerald,Lincoln:&sHmadC,Gerald.Lincoln@gmail.net,11-03-2016,Annapolis,2,2145
1119,George,Roosevelt:&FsojtC,George.Roosevelt@yahoo.com,05-03-2016,Harrisburg,10,4822
1120,Millard,Madison:&ys8ki7,Millard.Madison@gmail.org,29-01-2015,Juneau,19,4545
1121,Herbert,Reagan:&vHty0Q,"Herbert.Reagan@gmail.com,Herbert.Reagan@company.net",28-07-2015,Lansing,1,2411
1122,Richard,Lincoln:&eOCsu6,"Richard.Lincoln@yahoo.org,Richard.Lincoln@company.org",23-12-2015,Tallahassee,2,3217
1123,Richard,Fillmore:&PHys6M,Richard.Fillmore@yahoo.net,22-11-2015,Pierre,8,3835
1124,Franklin,Monroe:&0GioEu,Franklin.Monroe@yahoo.net,25-12-2015,Denver,5,2271
1125,Warren,Harrison:&xMhl1V,"Warren.Harrison@yahoo.com,Warren.Harrison@company.org",13-11-2016,Oklahoma City,16,3520
1126,Andrew,Ford:&MnGcbT,Andrew.Ford@gmail.com,23-04-2016,Honolulu,15,2309
1127,Warren,Polk:&ofE2Ti,Warren.Polk@yahoo.org,26-11-2016,Hartford,12,2741
1128,Ronald,Garfield:&UpSnsA,"Ronald.Garfield@gmail.net,Ronald.Garfield@company.com",26-11-2015,Austin,3,3267
1129,Zachary,Adams:&3wvd8P,Zachary.Adams@gmail.org,01-08-2015,Helena,19,2194
1130,Woodrow,Harding:&mLK0g6,"Woodrow.Harding@gmail.net,Woodrow.Harding@company.org",24-05-2016,Topeka,15,4172
1131,William,Johnson:&3HuUcH,William.Johnson@gmail.org,16-02-2016,Bismarck,9,3170
1132,Franklin,Johnson:&HZRAGU,Franklin.Johnson@yahoo.org,19-11-2015,Lincoln,14,3735
1133,Dwight,Quincy:&EmTzJl,Dwight.Quincy@yahoo.com,13-09-2015,Saint Paul,10,2900
1134,Calvin,Johnson:&umOuaC,Calvin.Johnson@gmail.net,11-09-2015,Jefferson City,6,3888
1135,Richard,Harrison:&zSgiBP,Richard.Harrison@gmail.com,21-12-2015,Helena,10,4935
1136,Herbert,Carter:&oYegeQ,"Herbert.Carter@yahoo.org,Herbert.Carter@company.net",12-05-2015,Little Rock,10,2163
1137,John,Taylor:&K1mWQ3,"John.Taylor@yahoo.com,John.Taylor@company.org",15-06-2015,Santa Fe,9,3549
1138,Warren,Jefferson:&MZkxqe,"Warren.Jefferson@yahoo.com,Warren.Jefferson@company.com",10-04-2016,Denver,10,3656
1139,Chester,Fillmore:&7sxJ84,Chester.Fillmore@yahoo.com,13-10-2015,Little Rock,9,4059
1140,Gerald,Eisenhower:&GXe8vr,"Gerald.Eisenhower@gmail.org,Gerald.Eisenhower@company.org",11-05-2016,Boise,12,3822
1141,James,Johnson:&ZF601f,James.Johnson@gmail.org,11-03-2015,Saint Paul,2,2176
1142,Lyndon,Wilson:&c5NcBH,"Lyndon.Wilson@yahoo.org,Lyndon.Wilson@company.com",19-07-2016,Madison,3,2875
1143,George,Buchanan:&vEiXKY,"George.Buchanan@gmail.net,George.Buchanan@company.com",05-07-2016,Albany,7,3845
1144,Bill,Kennedy:&BSZrn1,"Bill.Kennedy@yahoo.com,Bill.Kennedy@company.org",09-10-2015,Boston,8,4641
1145,Grover,Monroe:&14g7Dm,"Grover.Monroe@gmail.net,Grover.Monroe@company.com",23-03-2016,Juneau,15,2967
1146,Richard,Fillmore:&peevSE,"Richard.Fillmore@yahoo.org,Richard.Fillmore@company.net",20-07-2015,Salt Lake City,1,2811
1147,Rutherford,Quincy:&FjYOcq,"Rutherford.Quincy@gmail.org,Rutherford.Quincy@company.com",12-06-2016,Des Moines,10,4755
1148,Calvin,Ford:&ZxZO6p,"Calvin.Ford@yahoo.org,Calvin.Ford@company.com",09-10-2016,Salem,5,2372
1149,Andrew,Buchanan:&cnlSWT,Andrew.Buchanan@gmail.com,07-04-2016,Indianapolis,7,2175
1150,Benjamin,Adams:&Rzx3qd,Benjamin.Adams@gmail.com,04-06-2015,Sacramento,2,3577
1151,Woodrow,Kennedy:&mhJuuC,"Woodrow.Kennedy@gmail.org,Woodrow.Kennedy@company.net",19-01-2015,Carson City,18,3044
1152,Rutherford,Van Buren:&pv0O2B,"Rutherford.Van Buren@gmail.net,Rutherford.Van Buren@company.com",17-06-2016,Denver,16,3684
1153,Lyndon,Harrison:&BV7qj2,Lyndon.Harrison@yahoo.org,14-03-2016,Topeka,15,3461
1154,Dwight,Cleveland:&gDDHUc,Dwight.Cleveland@yahoo.net,28-06-2015,Oklahoma City,18,3207
1155,Thomas,Taft:&6EySXA,Thomas.Taft@gmail.com,25-10-2016,Annapolis,3,4846
1156,Lyndon,Grant:&TNrDqH,Lyndon.Grant@gmail.net,04-04-2016,Madison,6,2409
1157,Grover,Adams:&XgFKSy,Grover.Adams@yahoo.com,23-08-2016,Hartford,13,3251
1158,Thomas,Fillmore:&ICt3qF,"Thomas.Fillmore@yahoo.net,Thomas.Fillmore@company.org",22-04-2016,Honolulu,2,2978
1159,Lyndon,Tyler:&iKhuCv,Lyndon.Tyler@gmail.com,05-07-2016,Santa Fe,13,3981
1160,Zachary,Jefferson:&1ulZkx,"Zachary.Jefferson@gmail.org,Zachary.Jefferson@company.com",05-04-2016,Baton Rouge,9,4806
1161,Ulysses,Pierce:&vytzoE,"Ulysses.Pierce@gmail.net,Ulysses.Pierce@company.net",19-12-2016,Austin,4,4665
1162,Benjamin,Taylor:&KD15US,"Benjamin.Taylor@gmail.net,Benjamin.Taylor@company.org",08-06-2015,Annapolis,15,4113
1163,Harry,Madison:&3J9QVh,Harry.Madison@yahoo.net,04-12-2015,Indianapolis,5,3636
1164,Herbert,Taft:&p76Ji8,Herbert.Taft@yahoo.net,03-02-2015,Albany,11,3483
1165,Warren,Eisenhower:&qXeYuX,"Warren.Eisenhower@gmail.net,Warren.Eisenhower@company.org",14-03-2015,Little Rock,3,4593
1166,Martin,Pierce:&f8CKkz,Martin.Pierce@gmail.net,15-10-2016,Saint Paul,18,3716
1167,Richard,Truman:&kBKnAs,"Richard.Truman@yahoo.net,Richard.Truman@company.net",07-02-2015,Albany,15,3486
1168,Rutherford,Truman:&JZuGO2,"Rutherford.Truman@gmail.org,Rutherford.Truman@company.com",23-12-2016,Saint Paul,13,3237
1169,John,Polk:&GOBK9C,John.Polk@gmail.net,28-10-2015,Nashville,19,2553
1170,Warren,Roosevelt:&N97unG,"Warren.Roosevelt@gmail.net,Warren.Roosevelt@company.net",05-06-2015,Boise,19,2335
1171,Martin,Ford:&nTnHS9,"Martin.Ford@yahoo.net,Martin.Ford@company.com",31-03-2015,Albany,3,4374
1172,Bill,Quincy:&lyPUxX,"Bill.Quincy@gmail.net,Bill.Quincy@company.com",09-12-2016,Bismarck,14,2618
1173,Richard,Coolidge:&Opn2h5,Richard.Coolidge@gmail.com,27-08-2015,Juneau,9,3433
1174,Warren,Tyler:&x4xV7Q,Warren.Tyler@yahoo.com,24-09-2016,Jackson,15,2106
1175,Thomas,Lincoln:&TQMAs7,Thomas.Lincoln@yahoo.net,13-09-2015,Hartford,20,2324
1176,Millard,Van Buren:&o6XJHH,"Millard.Van Buren@yahoo.com,Millard.Van Buren@company.com",20-08-2016,Honolulu,12,3087
1177,Jimmy,Pierce:&J9UDYC,"Jimmy.Pierce@gmail.org,Jimmy.Pierce@company.org",23-04-2015,Lansing,12,2445
1178,Jimmy,Tyler:&miwIWP,Jimmy.Tyler@yahoo.net,06-04-2015,Augusta,14,4284
1179,Chester,Buchanan:&vUrLdi,Chester.Buchanan@yahoo.org,30-03-2016,Providence,5,3912
1180,Martin,Washington:&167d8z,"Martin.Washington@gmail.com,Martin.Washington@company.org",02-09-2016,Raleigh,5,4265
1181,Ronald,Roosevelt:&SkjZC7,Ronald.Roosevelt@yahoo.net,24-05-2015,Pierre,9,4706
1182,John,Kennedy:&CJPT8s,John.Kennedy@gmail.com,22-05-2015,Austin,17,4219
1183,George,Taft:&dXZCxT,George.Taft@gmail.net,23-03-2015,Cheyenne,19,4572
1184,John,Kennedy:&PTf5M4,John.Kennedy@yahoo.net,23-07-2016,Lansing,6,4572
1185,Thomas,Buchanan:&aZsSnM,Thomas.Buchanan@gmail.net,26-01-2015,Little Rock,12,2264
1186,William,Pierce:&wLJknq,William.Pierce@gmail.com,14-02-2016,Columbus,11,3935
1187,Franklin,Johnson:&rLvK7X,"Franklin.Johnson@yahoo.net,Franklin.Johnson@company.org",06-02-2016,Augusta,3,4613
1188,Ronald,Hayes:&v64onT,Ronald.Hayes@gmail.com,14-09-2016,Trenton,15,3691
1189,Theodore,McKinley:&OkyWgD,"Theodore.McKinley@gmail.org,Theodore.McKinley@company.com",26-02-2015,Columbia,10,2698
1190,John,Fillmore:&upiAVA,John.Fillmore@yahoo.org,04-12-2015,Boston,1,2327
1191,Franklin,Eisenhower:&qqf8jk,Franklin.Eisenhower@gmail.net,29-05-2015,Springfield,1,2269
1192,Thomas,Clinton:&Wwto4u,"Thomas.Clinton@yahoo.org,Thomas.Clinton@company.org",16-06-2016,Salem,16,2421
1193,Thomas,Adams:&tDQRfD,"Thomas.Adams@yahoo.com,Thomas.Adams@company.net",10-07-2015,Cheyenne,16,3094
1194,Warren,Johnson:&sR6FI6,Warren.Johnson@yahoo.org,10-02-2015,Des Moines,13,4796
1195,Herbert,Eisenhower:&MnzRHT,Herbert.Eisenhower@gmail.org,20-04-2016,Tallahassee,18,2709
1196,Lyndon,Carter:&TAQw4l,Lyndon.Carter@yahoo.org,04-11-2015,Frankfort,15,4339
1197,Calvin,Arthur:&H8vowz,Calvin.Arthur@gmail.net,04-01-2016,Raleigh,7,4725
1198,Gerald,Harding:&zuSuZ7,"Gerald.Harding@yahoo.org,Gerald.Harding@company.com",05-01-2016,Trenton,16,3089
1199,Andrew,Reagan:&7MHzuq,Andrew.Reagan@gmail.org,12-09-2015,Lincoln,18,2167
1200,Ronald,Johnson:&Y6afzp,"Ronald.Johnson@yahoo.net,Ronald.Johnson@company.org",03-08-2015,Columbia,14,4416
1201,Lyndon,Clinton:&rng9Fy,Lyndon.Clinton@gmail.net,22-12-2015,Columbus,9,3068
1202,Ulysses,Jefferson:&68iLwk,Ulysses.Jefferson@gmail.com,24-02-2015,Lincoln,17,4076
1203,John,Reagan:&Q97jxU,John.Reagan@gmail.org,16-01-2016,Salt Lake City,5,4673
1204,Benjamin,Truman:&NFPiR2,"Benjamin.Truman@yahoo.org,Benjamin.Truman@company.net",06-08-2015,Lincoln,15,3364
1205,Woodrow,Johnson:&uSojuS,"Woodrow.Johnson@gmail.com,Woodrow.Johnson@company.com",12-04-2016,Tallahassee,1,4632
1206,Thomas,Roosevelt:&hj3Gzt,"Thomas.Roosevelt@gmail.com,Thomas.Roosevelt@company.org",04-10-2015,Saint Paul,8,3786
1207,Thomas,Pierce:&veoSDF,Thomas.Pierce@gmail.com,11-07-2016,Montgomery,4,3477
1208,Gerald,Grant:&XsDt0D,Gerald.Grant@yahoo.org,24-07-2016,Atlanta,15,3301
1209,Bill,Clinton:&bzh70u,Bill.Clinton@yahoo.org,27-03-2016,Boston,15,3703
1210,Ronald,Reagan:&mtHRO4,Ronald.Reagan@yahoo.org,19-10-2015,Richmond,9,2070
1211,George,Johnson:&s4LqOn,"George.Johnson@yahoo.net,George.Johnson@company.org",20-08-2015,Boston,10,3215
1212,Abraham,Pierce:&2Ejn3T,"Abraham.Pierce@gmail.com,Abraham.Pierce@company.org",17-03-2016,Phoenix,7,3332
1213,Herbert,Adams:&vJIdAi,"Herbert.Adams@gmail.com,Herbert.Adams@company.com",25-07-2015,Richmond,13,2150
1214,Woodrow,Buchanan:&HVZDz2,Woodrow.Buchanan@yahoo.com,08-10-2015,Little Rock,16,4884
1215,Andrew,Harrison:&A7L8zk,Andrew.Harrison@gmail.com,23-03-2016,Santa Fe,18,3608
1216,Warren,Buchanan:&frzMfD,Warren.Buchanan@yahoo.net,25-10-2015,Jackson,3,3659
1217,Benjamin,Nixon:&WluZbh,Benjamin.Nixon@yahoo.com,15-04-2015,Honolulu,20,4427
1218,Bill,Taft:&yYe5cp,"Bill.Taft@gmail.org,Bill.Taft@company.com",04-10-2016,Richmond,3,2478
1219,Millard,Taylor:&R0MFtl,Millard.Taylor@yahoo.org,22-09-2016,Topeka,18,3790
1220,Martin,Cleveland:&WewgpW,"Martin.Cleveland@gmail.com,Martin.Cleveland@company.com",28-03-2015,Tallahassee,10,2910
1221,Calvin,Van Buren:&xQ3fR1,Calvin.Van Buren@gmail.com,15-07-2015,Oklahoma City,12,4449
1222,Grover,Washington:&TtJ3pj,Grover.Washington@gmail.net,29-08-2016,Des Moines,3,4857
1223,Ronald,Harding:&LvfvxL,Ronald.Harding@gmail.net,01-06-2016,Hartford,11,3585
1224,Lyndon,Roosevelt:&8kr8l8,Lyndon.Roosevelt@yahoo.org,14-04-2015,Raleigh,7,3036
1225,Bill,Tyler:&nj6Ptc,Bill.Tyler@yahoo.net,04-06-2016,Oklahoma City,4,2794
1226,Chester,Quincy:&76KkDE,Chester.Quincy@yahoo.net,22-05-2015,Trenton,3,4426
1227,Calvin,Harrison:&rnJ0gW,Calvin.Harrison@yahoo.org,19-01-2016,Cheyenne,3,3496
1228,William,Ford:&kMMPU4,William.Ford@yahoo.com,10-09-2015,Lansing,12,2925
1229,Chester,Fillmore:&MarJLZ,"Chester.Fillmore@gmail.org,Chester.Fillmore@company.org",08-07-2015,Jefferson City,12,4374
1230,Gerald,Arthur:&TvSYPb,"Gerald.Arthur@yahoo.com,Gerald.Arthur@company.net",08-04-2015,Salem,17,4572
1231,Benjamin,Johnson:&xVfwHI,Benjamin.Johnson@gmail.com,14-06-2015,Montpelier,12,2030
1232,Andrew,Cleveland:&FaStJW,Andrew.Cleveland@yahoo.org,27-01-2015,Trenton,15,3357
1233,Herbert,Harrison:&EKWIOt,Herbert.Harrison@gmail.net,08-03-2015,Indianapolis,17,2705
1234,Benjamin,Adams:&a08qCj,Benjamin.Adams@yahoo.com,13-05-2016,Honolulu,5,2310
1235,Andrew,Carter:&AePwFb,Andrew.Carter@gmail.net,25-11-2016,Boston,1,4414
1236,James,Quincy:&SIgEEP,James.Quincy@yahoo.net,04-03-2016,Lansing,7,2821
1237,Gerald,Grant:&sS1lp5,Gerald.Grant@gmail.net,15-09-2015,Santa Fe,2,3045
1238,Calvin,Buchanan:&Ea946f,Calvin.Buchanan@yahoo.com,11-01-2016,Montgomery,6,3050
1239,Warren,Quincy:&mDrmlN,Warren.Quincy@gmail.org,28-09-2016,Frankfort,1,2456
1240,Ronald,Jefferson:&MUPwfM,"Ronald.Jefferson@yahoo.org,Ronald.Jefferson@company.net",31-03-2015,Hartford,11,3223
1241,Martin,Monroe:&iXyi3E,"Martin.Monroe@yahoo.com,Martin.Monroe@company.org",02-05-2016,Madison,8,4384
1242,Gerald,Clinton:&G00tVY,"Gerald.Clinton@yahoo.org,Gerald.Clinton@company.com",05-12-2016,Saint Paul,9,3671
1243,Jimmy,Adams:&qjDGc6,"Jimmy.Adams@yahoo.org,Jimmy.Adams@company.org",16-06-2015,Concord,6,4359
1244,Richard,Coolidge:&BvFBHl,"Richard.Coolidge@gmail.org,Richard.Coolidge@company.com",01-05-2016,Lincoln,6,4273
1245,Thomas,Polk:&NEYbKQ,"Thomas.Polk@gmail.net,Thomas.Polk@company.org",15-12-2015,Olympia,13,4797
1246,Zachary,Jefferson:&YawvAq,"Zachary.Jefferson@gmail.net,Zachary.Jefferson@company.org",11-12-2016,Little Rock,14,4438
1247,Millard,Adams:&T1l4VC,Millard.Adams@gmail.net,23-02-2016,Columbia,17,2942
1248,Ronald,Jackson:&D6O0T8,Ronald.Jackson@gmail.com,03-12-2015,Little Rock,18,2180
1249,Calvin,Roosevelt:&v05cE7,Calvin.Roosevelt@yahoo.org,02-04-2015,Cheyenne,8,4250
1250,William,Kennedy:&HFEY2O,"William.Kennedy@yahoo.org,William.Kennedy@company.net",18-06-2016,Richmond,12,2702
1251,Calvin,Jackson:&lIJr7q,"Calvin.Jackson@yahoo.com,Calvin.Jackson@company.org",15-03-2016,Lansing,2,4369
1252,Bill,Madison:&6KQBxS,Bill.Madison@yahoo.com,21-04-2016,Pierre,9,2508
1253,Woodrow,Wilson:&4HzCEx,Woodrow.Wilson@gmail.org,11-01-2015,Lansing,12,4374
1254,Calvin,Tyler:&emYms7,"Calvin.Tyler@yahoo.com,Calvin.Tyler@company.net",15-05-2015,Lansing,4,3951
1255,Ulysses,Madison:&bogjdZ,"Ulysses.Madison@gmail.net,Ulysses.Madison@company.org",28-12-2016,Sacramento,6,4083
1256,Ulysses,Harrison:&wLuTxQ,"Ulysses.Harrison@gmail.org,Ulysses.Harrison@company.org",11-05-2015,Cheyenne,3,4789
1257,Grover,Garfield:&wGpde6,Grover.Garfield@yahoo.com,19-11-2015,Des Moines,20,2760
1258,Grover,Wilson:&A7Qtzr,Grover.Wilson@gmail.com,14-01-2015,Lincoln,1,3295
1259,Grover,Harrison:&2cv5Wg,"Grover.Harrison@yahoo.com,Grover.Harrison@company.org",27-06-2015,Oklahoma City,3,2138
1260,Theodore,Van Buren:&J7knm8,Theodore.Van Buren@yahoo.com,24-11-2016,Richmond,1,2660
1261,George,Harrison:&ABjrJs,George.Harrison@gmail.com,31-07-2016,Jefferson City,5,3749
1262,Chester,Taylor:&S5uIDi,Chester.Taylor@gmail.org,23-09-2016,Pierre,7,3924
1263,Warren,Adams:&Zx2XEy,"Warren.Adams@gmail.net,Warren.Adams@company.net",01-04-2016,Bismarck,16,3604
1264,Millard,Ford:&Vk7hBR,Millard.Ford@gmail.org,10-12-2016,Frankfort,8,2593
1265,Rutherford,Hoover:&4jnsgm,"Rutherford.Hoover@gmail.org,Rutherford.Hoover@company.net",06-07-2015,Bismarck,10,4323
1266,Bill,Cleveland:&PyETkq,"Bill.Cleveland@yahoo.org,Bill.Cleveland@company.org",21-04-2016,Providence,5,4379
1267,Chester,Madison:&YbXtjr,"Chester.Madison@gmail.net,Chester.Madison@company.com",22-07-2016,Frankfort,9,4319
1268,Calvin,Washington:&OBbdd6,Calvin.Washington@yahoo.net,24-01-2016,Boston,18,4090
1269,Abraham,Tyler:&MA0v9I,Abraham.Tyler@gmail.net,09-06-2015,Lincoln,12,3425
1270,Ronald,Harrison:&x4Cg9o,Ronald.Harrison@gmail.org,24-08-2015,Phoenix,9,3346
1271,Chester,Quincy:&AHXPsu,Chester.Quincy@gmail.org,26-06-2016,Tallahassee,7,2440
1272,Millard,Tyler:&Le00NZ,Millard.Tyler@gmail.com,27-03-2016,Sacramento,18,2691
1273,Rutherford,Jackson:&5l6tFE,Rutherford.Jackson@yahoo.com,16-06-2016,Annapolis,18,2707
1274,Millard,Ford:&4XKqOa,"Millard.Ford@gmail.com,Millard.Ford@company.com",13-05-2015,Jefferson City,18,4935
1275,Jimmy,Quincy:&1qmppk,"Jimmy.Quincy@yahoo.org,Jimmy.Quincy@company.com",12-01-2015,Des Moines,3,4709
1276,Benjamin,Roosevelt:&5D9CjS,Benjamin.Roosevelt@gmail.com,10-01-2016,Dover,4,2377
1277,Lyndon,Garfield:&yGJtSl,"Lyndon.Garfield@gmail.com,Lyndon.Garfield@company.org",17-02-2016,Salem,18,4915
1278,Richard,Pierce:&S8bfwo,Richard.Pierce@yahoo.com,29-11-2015,Boise,6,3248
1279,Herbert,Quincy:&zz2lzz,Herbert.Quincy@yahoo.org,30-11-2016,Tallahassee,11,3168
1280,Calvin,Taft:&KQfZvS,Calvin.Taft@yahoo.org,17-08-2016,Carson City,7,3863
1281,John,Washington:&cFvskj,John.Washington@gmail.net,27-02-2016,Annapolis,3,4788
1282,Calvin,Buchanan:&gB1pwo,"Calvin.Buchanan@gmail.org,Calvin.Buchanan@company.net",06-10-2015,Little Rock,6,4699
1283,Millard,Hoover:&wYJsQZ,Millard.Hoover@yahoo.com,19-04-2015,Helena,5,4106
1284,Zachary,Cleveland:&WgNs7O,Zachary.Cleveland@gmail.com,02-02-2015,Hartford,1,4477
1285,Chester,Adams:&mpkKCY,"Chester.Adams@yahoo.com,Chester.Adams@company.net",16-10-2016,Little Rock,19,4726
1286,Martin,Pierce:&cAxmHV,Martin.Pierce@yahoo.org,14-10-2015,Montpelier,15,4298
1287,Zachary,Johnson:&xnLAjo,Zachary.Johnson@yahoo.net,15-05-2016,Columbia,6,3576
1288,Harry,Johnson:&82Cysv,Harry.Johnson@gmail.com,04-08-2015,Pierre,15,3054
1289,Ronald,Hoover:&LaA3q0,Ronald.Hoover@gmail.org,19-04-2015,Springfield,1,2383
1290,Theodore,Van Buren:&WbKb9Z,Theodore.Van Buren@yahoo.com,28-01-2016,Columbia,5,3779
1291,Grover,Johnson:&EuSITT,"Grover.Johnson@yahoo.org,Grover.Johnson@company.org",30-09-2015,Montpelier,16,2468
1292,Grover,Ford:&X4Gyjq,"Grover.Ford@gmail.org,Grover.Ford@company.net",29-04-2015,Boston,7,4924
1293,Franklin,Van Buren:&UH6S1q,Franklin.Van Buren@gmail.net,19-11-2016,Lansing,17,4085
1294,Andrew,Carter:&pvRaeF,"Andrew.Carter@yahoo.com,Andrew.Carter@company.org",16-12-2015,Carson City,7,2974
1295,James,Monroe:&wwzufW,"James.Monroe@yahoo.com,James.Monroe@company.org",16-09-2016,Lincoln,16,2987
1296,Richard,Reagan:&9QtkXF,"Richard.Reagan@yahoo.org,Richard.Reagan@company.net",14-08-2016,Albany,11,2119
1297,Millard,Clinton:&nHBnOM,Millard.Clinton@gmail.org,26-05-2015,Olympia,9,4118
1298,Millard,Reagan:&XO0mK2,Millard.Reagan@yahoo.org,11-06-2015,Denver,5,2416
1299,Dwight,Clinton:&KLE8C8,Dwight.Clinton@yahoo.org,02-08-2016,Lansing,16,4502
1300,Harry,Johnson:&Qj9KrI,"Harry.Johnson@yahoo.net,Harry.Johnson@company.com",11-09-2016,Santa Fe,10,4486
1301,Grover,Buchanan:&CP6wXI,Grover.Buchanan@gmail.net,18-07-2015,Providence,7,3085
1302,James,Grant:&IRWqzc,James.Grant@gmail.org,03-04-2016,Boston,6,2736
1303,Theodore,Monroe:&IRw9r8,"Theodore.Monroe@gmail.com,Theodore.Monroe@company.org",17-03-2015,Phoenix,5,2868
1304,Jimmy,Adams:&mXSb6u,"Jimmy.Adams@gmail.com,Jimmy.Adams@company.com",11-02-2015,Austin,9,2398
1305,Dwight,Hoover:&BbPd2B,"Dwight.Hoover@gmail.org,Dwight.Hoover@company.net",07-11-2016,Baton Rouge,4,3215
1306,Grover,Grant:&EyjhpT,"Grover.Grant@gmail.com,Grover.Grant@company.org",16-04-2016,Frankfort,7,4913
1307,Harry,Harding:&zOUcBu,Harry.Harding@gmail.org,04-07-2015,Salt Lake City,9,2048
1308,Herbert,Tyler:&mbFfc6,"Herbert.Tyler@yahoo.com,Herbert.Tyler@company.net",31-01-2015,Des Moines,14,3165
1309,Bill,Buchanan:&MHLb3H,"Bill.Buchanan@gmail.net,Bill.Buchanan@company.net",10-10-2016,Atlanta,17,2869
1310,Thomas,Monroe:&iEJPyF,Thomas.Monroe@yahoo.com,15-12-2016,Little Rock,18,2208
1311,Martin,Fillmore:&pCmW87,"Martin.Fillmore@yahoo.com,Martin.Fillmore@company.com",02-12-2016,Springfield,18,4811
1312,John,Nixon:&9ucFGK,"John.Nixon@gmail.net,John.Nixon@company.net",30-05-2015,Harrisburg,17,2905
1313,Richard,Harrison:&zDhKuI,"Richard.Harrison@yahoo.org,Richard.Harrison@company.net",18-05-2016,Juneau,18,4788
1314,George,Garfield:&s9k7xY,George.Garfield@gmail.net,20-05-2016,Tallahassee,18,2678
1315,Calvin,Madison:&G2bbWl,Calvin.Madison@yahoo.com,08-04-2015,Madison,5,2954
1316,Herbert,McKinley:&iVR7jW,Herbert.McKinley@yahoo.net,23-08-2016,Atlanta,14,2844
1317,Warren,Hoover:&vMMCJi,"Warren.Hoover@gmail.com,Warren.Hoover@company.com",25-04-2016,Columbia,19,4481
1318,Theodore,Jackson:&pfIU19,Theodore.Jackson@yahoo.com,20-10-2015,Boston,1,3360
1319,John,Polk:&AkFRsb,John.Polk@gmail.com,20-05-2016,Baton Rouge,6,2710
1320,Grover,Pierce:&fi3l0x,Grover.Pierce@gmail.net,06-10-2015,Annapolis,3,4211
1321,Andrew,Johnson:&8m3yt9,Andrew.Johnson@yahoo.com,26-11-2015,Little Rock,8,2649
1322,Dwight,Fillmore:&Ih8UPN,Dwight.Fillmore@gmail.com,03-01-2016,Phoenix,14,3358
1323,John,Carter:&M7wwmS,John.Carter@yahoo.org,11-12-2016,Juneau,1,4733
1324,James,Adams:&zBwmZl,James.Adams@gmail.net,25-01-2016,Tallahassee,14,3111
1325,Gerald,Hayes:&5DQMkX,Gerald.Hayes@gmail.com,10-08-2015,Denver,2,4779
1326,Grover,Tyler:&ITQyYd,Grover.Tyler@yahoo.com,21-07-2015,Columbia,2,3147
1327,Franklin,Washington:&6VbXtT,"Franklin.Washington@gmail.org,Franklin.Washington@company.net",10-01-2015,Juneau,3,2384
1328,James,Harrison:&Rf7Cey,"James.Harrison@gmail.org,James.Harrison@company.net",06-10-2015,Hartford,10,4563
1329,Dwight,Garfield:&c7uGlT,Dwight.Garfield@gmail.org,20-07-2015,Olympia,13,3326
1330,Chester,Van Buren:&6uu2vG,"Chester.Van Buren@yahoo.net,Chester.Van Buren@company.net",16-02-2015,Little Rock,8,4871
1331,Chester,Johnson:&COuCbC,"Chester.Johnson@gmail.com,Chester.Johnson@company.com",23-03-2015,Jefferson City,5,4723
1332,William,Jefferson:&nb5PVw,William.Jefferson@yahoo.net,16-12-2016,Little Rock,7,3815
1333,Andrew,Jefferson:&Xd9RO3,"Andrew.Jefferson@gmail.org,Andrew.Jefferson@company.org",18-11-2016,Austin,11,4648
1334,John,Johnson:&I0vgZl,"John.Johnson@gmail.net,John.Johnson@company.net",31-08-2015,Olympia,11,3762
1335,Harry,Buchanan:&tlyw6b,Harry.Buchanan@yahoo.com,29-12-2015,Hartford,17,4987
1336,Herbert,Buchanan:&naWRsD,"Herbert.Buchanan@yahoo.com,Herbert.Buchanan@company.com",18-10-2015,Jefferson City,15,3045
1337,Richard,Harrison:&5PgsMF,"Richard.Harrison@gmail.com,Richard.Harrison@company.com",19-07-2016,Saint Paul,13,2458
1338,Lyndon,Eisenhower:&lwqbTc,Lyndon.Eisenhower@gmail.com,31-01-2016,Oklahoma City,20,4097
1339,Theodore,Grant:&G9ZCEP,Theodore.Grant@gmail.com,31-01-2016,Helena,6,2797
1340,Jimmy,Jackson:&f0RrNV,"Jimmy.Jackson@gmail.net,Jimmy.Jackson@company.org",06-04-2015,Honolulu,6,3026
1341,Richard,Quincy:&V7N4BK,Richard.Quincy@gmail.net,10-09-2016,Columbus,17,3384
1342,James,Reagan:&jcJ3XO,James.Reagan@yahoo.com,24-03-2015,Concord,12,2629
1343,Warren,Fillmore:&y6SOSF,Warren.Fillmore@yahoo.net,22-06-2015,Little Rock,18,4176
1344,Bill,Madison:&MeTdEw,"Bill.Madison@gmail.com,Bill.Madison@company.net",06-11-2015,Austin,11,4488
1345,William,Clinton:&2SIS4s,"William.Clinton@yahoo.com,William.Clinton@company.org",26-11-2015,Jefferson City,18,2451
1346,Ronald,Eisenhower:&LDwu6w,"Ronald.Eisenhower@gmail.com,Ronald.Eisenhower@company.com",02-03-2015,Phoenix,9,4421
1347,Theodore,Fillmore:&lAAWu9,"Theodore.Fillmore@gmail.org,Theodore.Fillmore@company.net",08-05-2016,Santa Fe,2,2265
1348,Herbert,Harrison:&vzm8LI,"Herbert.Harrison@yahoo.com,Herbert.Harrison@company.org",16-05-2015,Jackson,10,4553
1349,John,Quincy:&9xIEG4,"John.Quincy@yahoo.org,John.Quincy@company.net",30-05-2015,Lincoln,8,2248
1350,Ulysses,Nixon:&Jnxk57,"Ulysses.Nixon@yahoo.com,Ulysses.Nixon@company.org",20-07-2016,Trenton,6,4129
1351,George,Truman:&F5emnu,"George.Truman@gmail.net,George.Truman@company.org",01-09-2016,Albany,19,3771
1352,John,Buchanan:&6wuCA0,"John.Buchanan@gmail.com,John.Buchanan@company.com",03-12-2016,Olympia,4,3194
1353,Ronald,Lincoln:&wNF9Hj,Ronald.Lincoln@yahoo.org,21-08-2015,Charleston,8,3307
1354,Herbert,Tyler:&HRY0Og,Herbert.Tyler@yahoo.com,25-03-2015,Des Moines,11,2093
1355,Herbert,Madison:&2cwTxl,"Herbert.Madison@gmail.com,Herbert.Madison@company.com",23-07-2016,Nashville,7,2052
1356,John,Johnson:&aZtEzl,John.Johnson@yahoo.org,22-05-2016,Little Rock,3,4423
1357,Millard,Cleveland:&Kibxiz,Millard.Cleveland@yahoo.net,05-11-2016,Saint Paul,3,4519
1358,George,Harding:&D4RAp8,"George.Harding@yahoo.org,George.Harding@company.com",14-07-2015,Indianapolis,20,2769
1359,Andrew,Quincy:&q5Su6X,"Andrew.Quincy@yahoo.com,Andrew.Quincy@company.org",06-09-2015,Columbus,8,3025
1360,Calvin,Harrison:&ZJ3o9A,"Calvin.Harrison@yahoo.com,Calvin.Harrison@company.com",10-05-2016,Columbia,13,4742
1361,Andrew,Harrison:&tnaHhV,Andrew.Harrison@yahoo.org,15-10-2015,Phoenix,7,2357
1362,Grover,Reagan:&5awvCa,"Grover.Reagan@gmail.net,Grover.Reagan@company.net",28-03-2015,Montpelier,1,2668
1363,Andrew,Hoover:&NIATB6,"Andrew.Hoover@gmail.org,Andrew.Hoover@company.com",09-03-2015,Trenton,6,4240
1364,Millard,Kennedy:&qt0YbI,"Millard.Kennedy@yahoo.com,Millard.Kennedy@company.net",29-03-2016,Raleigh,16,3949
1365,Grover,Fillmore:&cBsxLr,Grover.Fillmore@gmail.net,17-02-2016,Indianapolis,19,4488
1366,Andrew,McKinley:&a2h4Ke,Andrew.McKinley@yahoo.com,20-08-2015,Bismarck,6,3163
1367,Harry,Roosevelt:&cq6vZK,"Harry.Roosevelt@yahoo.com,Harry.Roosevelt@company.com",13-07-2016,Bismarck,17,2869
1368,Theodore,Hayes:&wPH8Bx,Theodore.Hayes@gmail.net,10-01-2016,Concord,17,3936
1369,George,Madison:&sh3jhO,"George.Madison@yahoo.com,George.Madison@company.com",23-11-2016,Pierre,12,3617
1370,Andrew,Jackson:&9DMQxE,Andrew.Jackson@yahoo.org,19-09-2015,Trenton,13,4759
1371,Thomas,Adams:&TgfYIo,"Thomas.Adams@gmail.org,Thomas.Adams@company.org",30-01-2016,Baton Rouge,7,3657
1372,Bill,Harding:&iEocVE,Bill.Harding@yahoo.net,19-05-2016,Bismarck,6,2025
1373,Franklin,Quincy:&tncNpu,Franklin.Quincy@yahoo.org,01-08-2016,Baton Rouge,19,3408
1374,Lyndon,Carter:&jChEN2,Lyndon.Carter@gmail.net,11-07-2016,Montpelier,3,4818
1375,Millard,Coolidge:&bHqYSY,"Millard.Coolidge@gmail.com,Millard.Coolidge@company.com",18-08-2015,Raleigh,14,4542
1376,Abraham,Taft:&JrxOuQ,Abraham.Taft@yahoo.net,09-07-2016,Olympia,14,4988
1377,Martin,Harrison:&EK9ZdK,Martin.Harrison@gmail.com,18-10-2016,Charleston,17,2596
1378,Warren,Arthur:&cHxwxj,Warren.Arthur@gmail.com,28-03-2015,Oklahoma City,7,2285
1379,Andrew,Washington:&cL4s0e,"Andrew.Washington@yahoo.org,Andrew.Washington@company.net",16-08-2016,Harrisburg,16,4879
1380,Millard,Harrison:&zcXIyn,"Millard.Harrison@gmail.net,Millard.Harrison@company.org",20-08-2016,Des Moines,17,3722
1381,Ulysses,Pierce:&wgmqie,Ulysses.Pierce@gmail.net,16-07-2015,Carson City,12,4664
1382,William,Kennedy:&zd4h2r,William.Kennedy@yahoo.net,22-01-2016,Salt Lake City,4,4962
1383,Herbert,Hayes:&Q9OSsL,"Herbert.Hayes@yahoo.org,Herbert.Hayes@company.org",03-07-2016,Montpelier,2,2587
1384,Harry,Arthur:&1PQaTz,"Harry.Arthur@yahoo.org,Harry.Arthur@company.org",02-06-2016,Little Rock,17,3863
1385,Benjamin,Carter:&svfThO,Benjamin.Carter@yahoo.net,14-07-2015,Trenton,2,3972
1386,Andrew,Clinton:&AQedxL,"Andrew.Clinton@yahoo.net,Andrew.Clinton@company.org",14-03-2016,Salem,4,3678
1387,Harry,Hoover:&j5DU1Q,"Harry.Hoover@yahoo.net,Harry.Hoover@company.org",23-09-2015,Raleigh,9,2965
1388,Warren,Arthur:&IXJbon,"Warren.Arthur@gmail.net,Warren.Arthur@company.net",10-03-2015,Charleston,9,3147
1389,Ronald,Garfield:&RQMGcl,"Ronald.Garfield@yahoo.net,Ronald.Garfield@company.org",02-10-2015,Columbia,10,4796
1390,Lyndon,Eisenhower:&6XPfC5,"Lyndon.Eisenhower@yahoo.net,Lyndon.Eisenhower@company.com",23-11-2015,Charleston,3,3634
1391,Ulysses,Tyler:&9nL59T,"Ulysses.Tyler@yahoo.com,Ulysses.Tyler@company.net",15-04-2016,Santa Fe,15,2342
1392,Thomas,McKinley:&4NQPe4,"Thomas.McKinley@gmail.com,Thomas.McKinley@company.net",07-10-2015,Oklahoma City,12,4573
1393,Thomas,Johnson:&j1tYth,Thomas.Johnson@yahoo.org,11-07-2016,Lincoln,8,2408
1394,Martin,Washington:&siUcl6,"Martin.Washington@yahoo.com,Martin.Washington@company.net",11-03-2016,Topeka,3,3834
1395,Dwight,Adams:&gTvn6o,Dwight.Adams@gmail.net,16-05-2015,Juneau,10,2164
1396,Andrew,Fillmore:&8vIrIZ,"Andrew.Fillmore@gmail.net,Andrew.Fillmore@company.net",17-05-2015,Raleigh,19,2773
1397,Benjamin,Eisenhower:&7F4bb0,"Benjamin.Eisenhower@gmail.net,Benjamin.Eisenhower@company.net",04-10-2015,Augusta,13,2631
1398,Theodore,Taft:&E5awZM,"Theodore.Taft@gmail.net,Theodore.Taft@company.net",15-05-2016,Topeka,19,2577
1399,Chester,Coolidge:&gLKsRv,"Chester.Coolidge@gmail.org,Chester.Coolidge@company.com",28-06-2015,Springfield,12,3659
1400,Rutherford,Polk:&B0sQxP,Rutherford.Polk@gmail.net,08-03-2016,Nashville,16,2581
1401,Jimmy,Van Buren:&yHfuAX,Jimmy.Van Buren@gmail.org,25-07-2015,Hartford,20,4079
1402,William,Hoover:&37eFVh,William.Hoover@gmail.com,21-03-2015,Hartford,13,4893
1403,William,Harrison:&2fEdXz,William.Harrison@yahoo.net,19-04-2015,Salt Lake City,16,3675
1404,Ronald,Buchanan:&INHWXQ,Ronald.Buchanan@yahoo.com,23-10-2016,Providence,5,3359
1405,John,Johnson:&ymFG4f,"John.Johnson@gmail.org,John.Johnson@company.net",04-04-2016,Santa Fe,14,4331
1406,Lyndon,Carter:&3Vnj9U,Lyndon.Carter@gmail.com,08-03-2015,Albany,18,4805
1407,Grover,Lincoln:&4ugxZc,"Grover.Lincoln@gmail.org,Grover.Lincoln@company.com",14-09-2016,Helena,3,2166
1408,Thomas,Garfield:&cvnpS0,"Thomas.Garfield@yahoo.org,Thomas.Garfield@company.net",04-05-2015,Bismarck,14,4873
1409,Benjamin,Harding:&dGafHY,"Benjamin.Harding@gmail.com,Benjamin.Harding@company.com",15-04-2015,Cheyenne,9,3933
1410,Ronald,Madison:&p18Ses,Ronald.Madison@gmail.net,13-02-2015,Phoenix,10,4623
1411,Bill,Grant:&d5LLf0,Bill.Grant@gmail.net,16-08-2016,Tallahassee,19,3917
1412,Herbert,Coolidge:&cCzv2O,Herbert.Coolidge@yahoo.org,19-08-2015,Baton Rouge,5,3786
1413,Harry,Jefferson:&WwncGE,Harry.Jefferson@gmail.com,02-03-2015,Little Rock,5,3613
1414,Jimmy,Monroe:&IFYuZc,"Jimmy.Monroe@gmail.net,Jimmy.Monroe@company.com",09-03-2015,Austin,17,4975
1415,Ronald,Hayes:&ga9MiB,"Ronald.Hayes@gmail.net,Ronald.Hayes@company.org",08-06-2016,Jefferson City,1,2183
1416,Millard,Cleveland:&N5tp7F,"Millard.Cleveland@gmail.com,Millard.Cleveland@company.org",15-03-2016,Austin,17,2354
1417,Calvin,Tyler:&S21b7B,Calvin.Tyler@yahoo.net,30-12-2016,Juneau,17,3070
1418,William,Tyler:&w4038C,William.Tyler@yahoo.com,03-07-2016,Des Moines,9,3228
1419,John,Grant:&hMuUgQ,"John.Grant@gmail.com,John.Grant@company.org",28-07-2016,Olympia,6,4846
1420,George,Kennedy:&vRSx5l,George.Kennedy@yahoo.org,24-06-2016,Topeka,11,3811
1421,Benjamin,Monroe:&fdtHGE,"Benjamin.Monroe@yahoo.com,Benjamin.Monroe@company.com",31-03-2015,Augusta,5,2002
1422,Jimmy,Truman:&AQV5No,"Jimmy.Truman@yahoo.com,Jimmy.Truman@company.com",02-07-2015,Hartford,6,4175
1423,Millard,Harrison:&NNzvAe,Millard.Harrison@gmail.org,22-11-2015,Nashville,18,4742
1424,Benjamin,Johnson:&UslmL5,"Benjamin.Johnson@gmail.net,Benjamin.Johnson@company.net",10-05-2016,Nashville,17,3128
1425,Grover,Kennedy:&c7Obdr,"Grover.Kennedy@yahoo.com,Grover.Kennedy@company.net",21-06-2015,Honolulu,5,2259
1426,William,Washington:&Ll7R0i,William.Washington@yahoo.org,17-06-2015,Boise,7,2673
1427,Woodrow,Quincy:&GkCFbU,"Woodrow.Quincy@yahoo.net,Woodrow.Quincy@company.com",30-04-2016,Jackson,15,2138
1428,Calvin,Johnson:&emKKa0,"Calvin.Johnson@gmail.net,Calvin.Johnson@company.net",25-10-2016,Boise,10,4178
1429,Ronald,Taft:&T5zJI0,"Ronald.Taft@gmail.org,Ronald.Taft@company.net",25-11-2016,Santa Fe,9,2710
1430,Calvin,Jackson:&Q6Kiaa,"Calvin.Jackson@yahoo.com,Calvin.Jackson@company.com",26-08-2015,Jackson,13,4810
1431,Abraham,Eisenhower:&3z65TJ,Abraham.Eisenhower@gmail.org,12-03-2015,Dover,11,2521
1432,Jimmy,Cleveland:&mc9MHq,Jimmy.Cleveland@gmail.com,12-07-2016,Salem,1,2653
1433,Woodrow,Lincoln:&mrRd8P,"Woodrow.Lincoln@yahoo.com,Woodrow.Lincoln@company.com",17-01-2015,Montgomery,5,3082
1434,Millard,Garfield:&mNSuE9,"Millard.Garfield@yahoo.net,Millard.Garfield@company.net",03-09-2015,Jackson,5,4882
1435,Rutherford,Carter:&ktflAP,"Rutherford.Carter@yahoo.com,Rutherford.Carter@company.net",17-09-2015,Concord,2,3380
1436,Warren,Taylor:&BrcdTr,Warren.Taylor@yahoo.net,18-06-2015,Oklahoma City,13,4983
1437,Richard,Harding:&XMIB7B,"Richard.Harding@yahoo.org,Richard.Harding@company.com",25-12-2015,Hartford,3,4641
1438,Chester,Roosevelt:&m5WmE1,Chester.Roosevelt@gmail.net,07-12-2015,Jackson,16,2479
1439,Herbert,Cleveland:&omZjEZ,"Herbert.Cleveland@gmail.net,Herbert.Cleveland@company.org",26-01-2016,Providence,12,2423
1440,Martin,Roosevelt:&ZqsMzu,Martin.Roosevelt@gmail.net,04-10-2016,Denver,2,2565
1441,Calvin,Taft:&ckqHlL,Calvin.Taft@yahoo.net,23-11-2016,Montpelier,19,3804
1442,William,Lincoln:&J5dY2i,William.Lincoln@gmail.org,28-04-2015,Indianapolis,19,3332
1443,Warren,Wilson:&RnhiUK,Warren.Wilson@gmail.com,21-08-2015,Dover,1,4163
1444,Theodore,Buchanan:&PbOjI6,Theodore.Buchanan@yahoo.org,13-10-2015,Albany,8,3014
1445,Richard,Johnson:&vWt7jl,"Richard.Johnson@gmail.org,Richard.Johnson@company.net",26-05-2015,Baton Rouge,9,4697
1446,Dwight,Monroe:&l346b9,"Dwight.Monroe@gmail.net,Dwight.Monroe@company.org",09-12-2016,Sacramento,14,3667
1447,Ronald,Johnson:&yAfBwK,Ronald.Johnson@gmail.org,12-06-2015,Charleston,12,4965
1448,Richard,Harrison:&sI5ck5,Richard.Harrison@gmail.net,10-04-2015,Raleigh,15,3430
1449,Millard,Quincy:&qhxZk6,Millard.Quincy@gmail.com,11-12-2016,Baton Rouge,18,2817
1450,Richard,Reagan:&A2R2ew,Richard.Reagan@yahoo.com,06-12-2016,Carson City,15,3844
1451,Jimmy,Pierce:&x8IFjJ,"Jimmy.Pierce@yahoo.net,Jimmy.Pierce@company.net",11-07-2015,Juneau,6,2822
1452,Zachary,Wilson:&fy5an2,Zachary.Wilson@gmail.org,22-01-2015,Baton Rouge,8,2183
1453,Franklin,Adams:&GMiSJX,"Franklin.Adams@yahoo.net,Franklin.Adams@company.com",19-12-2016,Saint Paul,9,3918
1454,Calvin,Coolidge:&hVLepj,Calvin.Coolidge@yahoo.org,30-03-2016,Augusta,14,4780
1455,Lyndon,Truman:&ust0rD,"Lyndon.Truman@gmail.org,Lyndon.Truman@company.org",15-07-2016,Columbus,18,3114
1456,Calvin,Hoover:&HAN38v,Calvin.Hoover@yahoo.net,29-06-2015,Hartford,12,3271
1457,Richard,Buchanan:&0MWj4g,Richard.Buchanan@yahoo.com,19-10-2016,Albany,12,4303
1458,Millard,Polk:&DY5Nbj,Millard.Polk@gmail.com,29-11-2015,Columbus,9,2788
1459,Richard,Roosevelt:&Lppyhy,"Richard.Roosevelt@gmail.org,Richard.Roosevelt@company.com",30-08-2015,Montpelier,14,2865
1460,Ulysses,Quincy:&2obJp5,"Ulysses.Quincy@gmail.org,Ulysses.Quincy@company.net",23-03-2015,Denver,3,2018
1461,Gerald,Kennedy:&6qw57X,Gerald.Kennedy@gmail.org,13-11-2015,Annapolis,18,4185
1462,Rutherford,Arthur:&fuPW2M,Rutherford.Arthur@gmail.com,13-10-2015,Indianapolis,8,2583
1463,Millard,Fillmore:&jb8vc6,Millard.Fillmore@yahoo.net,08-10-2015,Olympia,12,4433
1464,Woodrow,Kennedy:&LO2Ysd,"Woodrow.Kennedy@yahoo.org,Woodrow.Kennedy@company.org",30-09-2015,Salt Lake City,8,2702
1465,Herbert,Harding:&jrRpgK,Herbert.Harding@yahoo.com,26-07-2016,Frankfort,8,4806
1466,Theodore,Grant:&J80M7k,"Theodore.Grant@gmail.com,Theodore.Grant@company.org",21-06-2016,Jefferson City,20,3184
1467,Bill,Washington:&5bZxTO,"Bill.Washington@gmail.org,Bill.Washington@company.org",11-12-2015,Concord,2,4371
1468,Ronald,Washington:&AKpzDk,"Ronald.Washington@yahoo.org,Ronald.Washington@company.org",13-06-2016,Trenton,17,4099
1469,Jimmy,Grant:&yBpQun,"Jimmy.Grant@yahoo.net,Jimmy.Grant@company.net",01-04-2015,Nashville,15,3211
1470,Franklin,Clinton:&HnS9ji,"Franklin.Clinton@yahoo.com,Franklin.Clinton@company.net",19-08-2016,Atlanta,12,2066
1471,Theodore,Washington:&ZFoFGf,"Theodore.Washington@yahoo.net,Theodore.Washington@company.net",24-02-2015,Saint Paul,13,3114
1472,Andrew,Kennedy:&bHh754,Andrew.Kennedy@yahoo.net,04-09-2016,Oklahoma City,19,4326
1473,Dwight,Nixon:&hHhkMO,Dwight.Nixon@gmail.net,28-10-2016,Helena,20,4748
1474,Ulysses,Harrison:&umBMFi,"Ulysses.Harrison@gmail.com,Ulysses.Harrison@company.org",22-12-2015,Santa Fe,11,3197
1475,Thomas,Harrison:&tplSgd,Thomas.Harrison@yahoo.com,21-08-2016,Honolulu,13,4470
1476,Benjamin,Harrison:&bYuaOy,"Benjamin.Harrison@gmail.org,Benjamin.Harrison@company.com",21-12-2016,Lincoln,10,3162
1477,Lyndon,Taft:&10x8K0,Lyndon.Taft@gmail.com,18-05-2015,Carson City,15,4733
1478,Herbert,Washington:&zklXhE,Herbert.Washington@gmail.org,02-09-2015,Honolulu,3,4185
1479,Richard,Taft:&597zgN,Richard.Taft@gmail.net,16-07-2016,Honolulu,6,4477
1480,Warren,Polk:&swQ8Gg,Warren.Polk@yahoo.net,21-10-2015,Nashville,7,4535
1481,James,Pierce:&dhumBc,"James.Pierce@yahoo.org,James.Pierce@company.com",07-02-2016,Oklahoma City,13,2772
1482,Rutherford,Polk:&ElQrcC,"Rutherford.Polk@yahoo.net,Rutherford.Polk@company.net",22-02-2016,Baton Rouge,11,4656
1483,Woodrow,Coolidge:&tkxBfR,"Woodrow.Coolidge@yahoo.net,Woodrow.Coolidge@company.net",01-03-2015,Lansing,12,4533
1484,Harry,Harrison:&13QpGf,"Harry.Harrison@gmail.org,Harry.Harrison@company.org",01-12-2015,Springfield,1,3537
1485,Dwight,Johnson:&JXquEX,Dwight.Johnson@gmail.net,20-09-2016,Providence,18,2260
1486,Woodrow,Reagan:&4bXSr9,Woodrow.Reagan@gmail.org,11-11-2015,Pierre,7,2708
1487,Theodore,Harding:&wP9Ybp,"Theodore.Harding@gmail.net,Theodore.Harding@company.net",05-08-2015,Atlanta,18,4818
1488,Dwight,Quincy:&AUmNAl,"Dwight.Quincy@gmail.com,Dwight.Quincy@company.org",07-12-2016,Springfield,12,3827
1489,Richard,Quincy:&fuvk60,Richard.Quincy@yahoo.com,29-08-2016,Phoenix,11,4414
1490,Gerald,Roosevelt:&OfHYWr,"Gerald.Roosevelt@gmail.org,Gerald.Roosevelt@company.com",06-12-2015,Hartford,7,4211
1491,Ulysses,Taylor:&tHMu9M,Ulysses.Taylor@yahoo.com,19-12-2016,Boston,14,4436
1492,Millard,Fillmore:&lAMgok,Millard.Fillmore@yahoo.org,26-05-2016,Hartford,14,4032
1493,Theodore,Lincoln:&wXOVYj,"Theodore.Lincoln@gmail.net,Theodore.Lincoln@company.com",18-07-2016,Harrisburg,1,3409
1494,Martin,Buchanan:&ZbSn96,"Martin.Buchanan@gmail.com,Martin.Buchanan@company.org",23-08-2016,Lincoln,3,2564
1495,Theodore,Monroe:&PE1dVh,Theodore.Monroe@gmail.net,13-10-2016,Charleston,9,4942
1496,George,Coolidge:&K8RSZ3,"George.Coolidge@yahoo.org,George.Coolidge@company.org",24-05-2015,Saint Paul,8,2093
1497,Martin,Monroe:&MiwIj1,Martin.Monroe@yahoo.com,13-04-2015,Denver,16,3699
1498,Rutherford,Carter:&QlHfXN,"Rutherford.Carter@yahoo.org,Rutherford.Carter@company.org",25-09-2016,Charleston,18,3759
1499,Martin,Garfield:&cdpA34,Martin.Garfield@yahoo.net,18-06-2015,Nashville,3,2314
1500,Millard,Taylor:&oKtupy,"Millard.Taylor@gmail.org,Millard.Taylor@company.org",13-10-2016,Nashville,13,4984
1501,Theodore,Eisenhower:&h14g1C,"Theodore.Eisenhower@yahoo.org,Theodore.Eisenhower@company.org",13-07-2016,Olympia,11,3129
1502,Lyndon,Carter:&gtEP67,"Lyndon.Carter@gmail.com,Lyndon.Carter@company.net",29-11-2016,Jefferson City,10,3540
1503,Harry,Hayes:&0jrYzd,Harry.Hayes@yahoo.org,01-07-2016,Columbia,5,2097
1504,Dwight,Polk:&SG6AEp,"Dwight.Polk@yahoo.net,Dwight.Polk@company.net",17-04-2016,Montgomery,9,3501
1505,Herbert,Adams:&MLEPDn,Herbert.Adams@gmail.org,08-02-2015,Harrisburg,18,2867
1506,William,Adams:&FCbFiy,William.Adams@gmail.org,22-07-2015,Salem,20,4491
1507,Harry,Taylor:&6V0bbc,Harry.Taylor@yahoo.org,10-09-2016,Providence,13,3381
1508,Martin,Johnson:&6g13Li,Martin.Johnson@yahoo.net,23-12-2016,Jackson,9,4146
1509,Jimmy,Grant:&G6dUdz,Jimmy.Grant@yahoo.net,06-08-2016,Albany,1,4950
1510,George,Polk:&3o0lGj,George.Polk@gmail.org,31-12-2015,Columbus,17,2958
1511,Chester,Nixon:&NFowCK,Chester.Nixon@gmail.com,01-08-2016,Lansing,15,2536
1512,William,Grant:&nBnXoM,"William.Grant@yahoo.net,William.Grant@company.com",05-12-2016,Lincoln,5,4489
1513,Grover,Arthur:&1YQJO2,"Grover.Arthur@gmail.org,Grover.Arthur@company.com",24-02-2016,Columbia,17,3054
1514,William,Fillmore:&Rxf2u4,William.Fillmore@gmail.org,18-07-2015,Boston,19,3796
1515,Grover,Kennedy:&TtNyy7,Grover.Kennedy@yahoo.com,04-09-2016,Harrisburg,4,2572
1516,George,Jefferson:&pJlgI5,"George.Jefferson@yahoo.org,George.Jefferson@company.net",07-06-2015,Trenton,15,2597
1517,Chester,Johnson:&JUxLyA,"Chester.Johnson@yahoo.net,Chester.Johnson@company.net",01-03-2016,Albany,9,3799
1518,Ronald,Van Buren:&dv2ZsS,"Ronald.Van Buren@gmail.org,Ronald.Van Buren@company.net",12-11-2016,Boise,12,2218
1519,Gerald,Roosevelt:&DPBUZ7,"Gerald.Roosevelt@yahoo.org,Gerald.Roosevelt@company.net",18-02-2016,Madison,14,3630
1520,Andrew,Fillmore:&cYaTop,Andrew.Fillmore@yahoo.com,16-07-2016,Pierre,15,4934
1521,John,Carter:&0buaQR,"John.Carter@yahoo.org,John.Carter@company.com",13-03-2016,Saint Paul,18,3556
1522,Millard,Wilson:&HQjfC6,"Millard.Wilson@yahoo.org,Millard.Wilson@company.com",18-09-2016,Jackson,1,3207
1523,Grover,Van Buren:&wOAuUp,"Grover.Van Buren@gmail.com,Grover.Van Buren@company.net",06-10-2015,Springfield,2,4594
1524,Lyndon,Kennedy:&bTrqvm,"Lyndon.Kennedy@yahoo.com,Lyndon.Kennedy@company.net",25-10-2015,Santa Fe,18,4148
1525,George,Roosevelt:&4a83if,"George.Roosevelt@yahoo.net,George.Roosevelt@company.net",15-03-2016,Sacramento,7,4318
1526,Richard,Jackson:&BkP5p7,"Richard.Jackson@gmail.com,Richard.Jackson@company.net",08-01-2016,Annapolis,18,4118
1527,Ronald,Madison:&On3GGm,Ronald.Madison@yahoo.com,09-05-2015,Providence,14,2839
1528,Woodrow,Cleveland:&tWOz55,Woodrow.Cleveland@yahoo.org,12-10-2015,Honolulu,7,4940
1529,Bill,Truman:&BauQmj,"Bill.Truman@yahoo.com,Bill.Truman@company.net",24-06-2016,Honolulu,6,4972
1530,William,Fillmore:&bfWZC8,"William.Fillmore@gmail.org,William.Fillmore@company.com",04-06-2015,Des Moines,18,2750
1531,Woodrow,Fillmore:&cfJJfS,"Woodrow.Fillmore@gmail.org,Woodrow.Fillmore@company.com",21-01-2015,Springfield,12,4299
1532,Dwight,Jackson:&BPsHfL,Dwight.Jackson@gmail.com,05-02-2016,Saint Paul,11,4050
1533,Andrew,Ford:&0evlkU,Andrew.Ford@gmail.com,26-02-2015,Helena,20,4705
1534,Gerald,Johnson:&BWsrxE,"Gerald.Johnson@yahoo.net,Gerald.Johnson@company.net",18-01-2015,Dover,4,4850
1535,Thomas,Taft:&6hzrXX,Thomas.Taft@yahoo.net,30-07-2015,Saint Paul,14,4894
1536,Ronald,Adams:&t4zawK,Ronald.Adams@gmail.net,04-11-2016,Juneau,6,3549
1537,Franklin,Wilson:&DmmbAe,Franklin.Wilson@gmail.net,28-01-2016,Montpelier,19,2237
1538,Martin,Johnson:&OJ7AlU,Martin.Johnson@gmail.org,21-08-2015,Tallahassee,20,2332
1539,Lyndon,Reagan:&1M4pXi,"Lyndon.Reagan@yahoo.org,Lyndon.Reagan@company.com",08-07-2016,Helena,1,3087
1540,Dwight,Eisenhower:&wUtJ9C,Dwight.Eisenhower@gmail.org,23-02-2015,Springfield,7,3425
1541,Rutherford,Nixon:&w7innE,"Rutherford.Nixon@yahoo.net,Rutherford.Nixon@company.org",06-06-2016,Springfield,16,3693
1542,Richard,Wilson:&itTccP,Richard.Wilson@gmail.com,19-11-2016,Columbus,17,3206
1543,William,Eisenhower:&dTqxaP,"William.Eisenhower@yahoo.org,William.Eisenhower@company.net",19-08-2015,Atlanta,8,2310
1544,Herbert,Pierce:&cdJqlP,"Herbert.Pierce@yahoo.net,Herbert.Pierce@company.net",15-10-2015,Raleigh,11,4744
1545,Abraham,Roosevelt:&6Nqgz2,Abraham.Roosevelt@gmail.net,28-06-2015,Oklahoma City,4,2728
1546,Woodrow,Cleveland:&zEgH7j,Woodrow.Cleveland@gmail.com,02-06-2016,Charleston,8,2026
1547,Ronald,Hoover:&oDIgK9,Ronald.Hoover@gmail.org,19-02-2015,Frankfort,10,2630
1548,Jimmy,McKinley:&uwNxpX,Jimmy.McKinley@yahoo.net,06-10-2016,Annapolis,19,4618
1549,James,Adams:&Ok3NGq,James.Adams@yahoo.org,22-02-2015,Denver,16,2498
1550,James,Eisenhower:&T7dHZi,"James.Eisenhower@gmail.net,James.Eisenhower@company.org",16-10-2016,Providence,3,3298
1551,Woodrow,McKinley:&qVhEN5,"Woodrow.McKinley@yahoo.org,Woodrow.McKinley@company.net",16-11-2015,Salem,10,4715
1552,Theodore,Cleveland:&3WrnzY,Theodore.Cleveland@gmail.com,20-04-2015,Pierre,8,4962
1553,Woodrow,Kennedy:&IyKXB2,Woodrow.Kennedy@yahoo.org,15-07-2016,Austin,12,4474
1554,James,Cleveland:&8ZIgCx,James.Cleveland@gmail.net,17-02-2016,Pierre,20,2645
1555,Jimmy,Tyler:&8dixFH,Jimmy.Tyler@yahoo.net,16-12-2016,Montpelier,13,2785
1556,Jimmy,Jefferson:&UxHjvF,Jimmy.Jefferson@yahoo.net,08-04-2016,Trenton,1,2227
1557,Rutherford,Kennedy:&sHe4Rl,"Rutherford.Kennedy@yahoo.com,Rutherford.Kennedy@company.com",17-05-2015,Lansing,2,2745
1558,George,Roosevelt:&d4zcI3,George.Roosevelt@yahoo.net,30-09-2015,Richmond,12,3981
1559,Franklin,Quincy:&b72bCQ,Franklin.Quincy@yahoo.org,20-04-2015,Columbus,6,3030
1560,Theodore,Tyler:&uZePzp,Theodore.Tyler@gmail.org,04-02-2015,Frankfort,20,2222
1561,Dwight,Coolidge:&K7AIg9,"Dwight.Coolidge@yahoo.org,Dwight.Coolidge@company.net",15-07-2016,Boise,19,4865
1562,Bill,Adams:&3xDBZi,"Bill.Adams@gmail.com,Bill.Adams@company.net",04-03-2016,Boise,7,2462
1563,Theodore,Fillmore:&ol34ar,"Theodore.Fillmore@gmail.net,Theodore.Fillmore@company.net",13-04-2015,Harrisburg,14,4777
1564,Ronald,Roosevelt:&XrKMcK,"Ronald.Roosevelt@yahoo.com,Ronald.Roosevelt@company.org",09-06-2015,Lincoln,6,3326
1565,Harry,Harrison:&a6IQcW,"Harry.Harrison@gmail.net,Harry.Harrison@company.org",03-06-2015,Bismarck,16,2303
1566,Lyndon,Quincy:&UeUBUR,"Lyndon.Quincy@yahoo.com,Lyndon.Quincy@company.org",20-09-2016,Austin,15,2220
1567,Chester,Kennedy:&paNTfg,Chester.Kennedy@gmail.net,29-08-2015,Phoenix,15,3324
1568,Rutherford,McKinley:&KKlCDz,"Rutherford.McKinley@yahoo.net,Rutherford.McKinley@company.com",13-07-2016,Lincoln,1,2145
1569,William,Johnson:&Hu4Xbm,"William.Johnson@yahoo.org,William.Johnson@company.org",26-02-2016,Lincoln,2,3496
1570,Ronald,Reagan:&y4wkVg,"Ronald.Reagan@yahoo.net,Ronald.Reagan@company.com",31-05-2015,Providence,1,2776
1571,Benjamin,McKinley:&aL4KuI,Benjamin.McKinley@yahoo.org,06-06-2016,Lincoln,20,2201
1572,Ronald,Clinton:&4lAh1U,Ronald.Clinton@yahoo.net,01-04-2015,Baton Rouge,8,2155
1573,Millard,Van Buren:&BHhr4z,Millard.Van Buren@gmail.org,29-06-2015,Sacramento,1,2246
1574,Richard,Jackson:&5S50xy,Richard.Jackson@yahoo.net,28-09-2016,Santa Fe,5,3737
1575,Grover,McKinley:&rgLXe4,"Grover.McKinley@gmail.net,Grover.McKinley@company.com",19-05-2015,Juneau,12,3470
1576,Jimmy,Nixon:&uImg9t,Jimmy.Nixon@yahoo.com,25-02-2015,Annapolis,9,2253
1577,James,Jackson:&n1fBY4,"James.Jackson@gmail.net,James.Jackson@company.org",28-08-2015,Jackson,14,2650
1578,William,Hayes:&gygv2m,"William.Hayes@yahoo.org,William.Hayes@company.net",20-10-2015,Saint Paul,1,4335
1579,Abraham,Roosevelt:&gDPDyr,Abraham.Roosevelt@yahoo.org,14-05-2015,Tallahassee,19,3027
1580,Franklin,Reagan:&A1KBvp,"Franklin.Reagan@gmail.org,Franklin.Reagan@company.net",28-07-2015,Honolulu,1,2035
1581,Calvin,Cleveland:&iA3CeO,Calvin.Cleveland@gmail.com,02-05-2016,Nashville,11,4047
1582,Rutherford,Eisenhower:&e0cZ7J,"Rutherford.Eisenhower@yahoo.org,Rutherford.Eisenhower@company.com",14-02-2016,Austin,4,4104
1583,Jimmy,Adams:&4swGdn,"Jimmy.Adams@yahoo.com,Jimmy.Adams@company.com",09-06-2016,Phoenix,4,4639
1584,Theodore,Arthur:&maai3D,Theodore.Arthur@yahoo.com,16-03-2015,Lansing,3,2312
1585,Andrew,Adams:&OZccKq,Andrew.Adams@yahoo.com,25-10-2016,Helena,20,4006
1586,Benjamin,Nixon:&yeetnM,"Benjamin.Nixon@yahoo.net,Benjamin.Nixon@company.net",20-03-2015,Baton Rouge,6,2966
1587,Herbert,Van Buren:&JcpiJO,Herbert.Van Buren@gmail.org,27-12-2015,Cheyenne,16,3351
1588,Woodrow,Truman:&Y4bLpR,"Woodrow.Truman@yahoo.org,Woodrow.Truman@company.org",11-09-2015,Topeka,2,3949
1589,Chester,Cleveland:&7sDvIi,"Chester.Cleveland@gmail.net,Chester.Cleveland@company.net",26-10-2016,Hartford,6,2393
1590,Grover,Fillmore:&QgAqXN,Grover.Fillmore@yahoo.org,25-10-2015,Little Rock,2,3257
1591,Theodore,Pierce:&Jn6IlM,"Theodore.Pierce@gmail.com,Theodore.Pierce@company.org",22-06-2015,Atlanta,19,4683
1592,Woodrow,Johnson:&DfPoU3,Woodrow.Johnson@yahoo.net,20-10-2015,Madison,3,2673
1593,Harry,Pierce:&IJ9H2Z,Harry.Pierce@yahoo.com,27-10-2015,Concord,13,2876
1594,Woodrow,Adams:&P3NIgE,"Woodrow.Adams@yahoo.org,Woodrow.Adams@company.net",29-07-2015,Columbus,11,2920
1595,Lyndon,Fillmore:&Rde0Bs,"Lyndon.Fillmore@gmail.com,Lyndon.Fillmore@company.org",03-09-2015,Lincoln,10,4619
1596,William,Taft:&nUzink,William.Taft@yahoo.org,26-08-2016,Augusta,18,3608
1597,Richard,Truman:&I4mDy4,Richard.Truman@yahoo.org,28-09-2016,Salem,9,3222
1598,Woodrow,Quincy:&OvqcKz,"Woodrow.Quincy@gmail.net,Woodrow.Quincy@company.net",29-10-2015,Pierre,9,4362
1599,Herbert,Buchanan:&7M8KPo,"Herbert.Buchanan@gmail.org,Herbert.Buchanan@company.net",14-02-2015,Bismarck,4,4536
1600,Calvin,Polk:&nYRaZt,Calvin.Polk@yahoo.net,21-12-2016,Austin,7,3258
1601,Thomas,Polk:&UzbYTR,Thomas.Polk@gmail.net,04-06-2016,Austin,14,2568
1602,George,Adams:&JUOVLj,George.Adams@yahoo.net,30-04-2015,Concord,8,3864
1603,Andrew,Tyler:&huasdK,"Andrew.Tyler@gmail.org,Andrew.Tyler@company.net",28-07-2015,Charleston,5,4175
1604,John,Taft:&9opq7G,"John.Taft@yahoo.org,John.Taft@company.net",22-08-2016,Lansing,3,3955
1605,Jimmy,Fillmore:&GLxQcj,"Jimmy.Fillmore@gmail.net,Jimmy.Fillmore@company.com",27-09-2015,Topeka,4,4905
1606,Martin,Monroe:&kK9IFE,"Martin.Monroe@gmail.com,Martin.Monroe@company.com",08-03-2016,Lincoln,14,3888
1607,Jimmy,Buchanan:&RbMJGZ,"Jimmy.Buchanan@gmail.net,Jimmy.Buchanan@company.org",30-09-2015,Baton Rouge,19,3483
1608,Woodrow,Madison:&YNS5om,"Woodrow.Madison@yahoo.org,Woodrow.Madison@company.net",02-12-2016,Santa Fe,3,3933
1609,John,Tyler:&5hZIs7,"John.Tyler@gmail.org,John.Tyler@company.org",07-11-2015,Helena,6,3292
1610,Rutherford,Wilson:&3vNKM1,"Rutherford.Wilson@yahoo.org,Rutherford.Wilson@company.com",15-12-2015,Concord,9,2703
1611,Martin,Quincy:&gLvRxh,Martin.Quincy@yahoo.org,29-01-2016,Lansing,4,4179
1612,George,Grant:&Fy1YZN,George.Grant@yahoo.org,22-04-2015,Columbia,1,2495
1613,Zachary,Roosevelt:&imHjT5,"Zachary.Roosevelt@yahoo.net,Zachary.Roosevelt@company.org",16-07-2016,Sacramento,18,2386
1614,William,Clinton:&iMDJIV,"William.Clinton@gmail.com,William.Clinton@company.net",14-01-2016,Santa Fe,6,4580
1615,Theodore,Grant:&rY5uI7,"Theodore.Grant@yahoo.org,Theodore.Grant@company.net",06-12-2016,Salt Lake City,1,2823
1616,Andrew,Eisenhower:&Oi0ueP,Andrew.Eisenhower@yahoo.org,17-08-2016,Bismarck,15,4024
1617,Franklin,Jefferson:&lA5ZJC,Franklin.Jefferson@gmail.com,10-07-2015,Boise,15,4216
1618,Calvin,Johnson:&oIPPfc,Calvin.Johnson@yahoo.org,22-07-2016,Juneau,15,2390
1619,Woodrow,Jackson:&OWHykS,"Woodrow.Jackson@yahoo.net,Woodrow.Jackson@company.net",15-03-2016,Oklahoma City,8,2162
1620,Herbert,Grant:&LejLHJ,"Herbert.Grant@gmail.com,Herbert.Grant@company.com",05-08-2015,Jackson,16,4647
1621,Theodore,Harrison:&BQmBm0,Theodore.Harrison@yahoo.org,13-04-2016,Nashville,16,4867
1622,John,Lincoln:&JJ9gmD,John.Lincoln@yahoo.net,22-10-2016,Tallahassee,1,4236
1623,Ulysses,Ford:&wnj0Kw,Ulysses.Ford@yahoo.net,09-05-2015,Honolulu,14,2363
1624,Martin,Roosevelt:&7mJ1v4,"Martin.Roosevelt@gmail.org,Martin.Roosevelt@company.net",23-02-2016,Carson City,16,4628
1625,Richard,Truman:&YJdJyw,"Richard.Truman@yahoo.com,Richard.Truman@company.org",16-02-2016,Des Moines,18,4081
1626,Woodrow,Kennedy:&KfDkQA,"Woodrow.Kennedy@yahoo.org,Woodrow.Kennedy@company.org",28-10-2016,Indianapolis,3,2200
1627,Calvin,Coolidge:&J6hDWg,Calvin.Coolidge@gmail.com,17-07-2016,Salem,9,2419
1628,Bill,Cleveland:&wbLZGA,"Bill.Cleveland@gmail.org,Bill.Cleveland@company.org",07-11-2016,Bismarck,13,3330
1629,John,Truman:&hmeZeO,"John.Truman@yahoo.net,John.Truman@company.org",13-01-2016,Indianapolis,2,2487
1630,Andrew,Coolidge:&XmB35Y,"Andrew.Coolidge@gmail.net,Andrew.Coolidge@company.org",15-05-2016,Santa Fe,14,4519
1631,Benjamin,Reagan:&INSp7P,"Benjamin.Reagan@gmail.com,Benjamin.Reagan@company.net",03-06-2015,Oklahoma City,9,4978
1632,Benjamin,Wilson:&o3ezyT,Benjamin.Wilson@gmail.org,11-04-2016,Springfield,5,2610
1633,Franklin,Polk:&jKhyfU,"Franklin.Polk@gmail.org,Franklin.Polk@company.com",05-01-2015,Santa Fe,16,2042
1634,Thomas,Adams:&It7Ut9,Thomas.Adams@gmail.com,05-03-2015,Providence,9,4312
1635,Gerald,Adams:&lgt3X4,"Gerald.Adams@yahoo.com,Gerald.Adams@company.com",11-02-2016,Helena,1,3494
1636,Ronald,Jackson:&BOUxko,Ronald.Jackson@gmail.org,11-11-2016,Montpelier,7,3976
1637,Thomas,Eisenhower:&JpQZQS,Thomas.Eisenhower@yahoo.org,27-02-2015,Phoenix,10,3654
1638,John,Reagan:&8fPFsR,"John.Reagan@gmail.com,John.Reagan@company.com",25-06-2015,Columbus,2,3886
1639,Millard,Van Buren:&tFv3AB,Millard.Van Buren@gmail.com,03-06-2015,Richmond,10,4085
1640,James,Taylor:&Rl5szd,"James.Taylor@gmail.com,James.Taylor@company.net",27-04-2015,Helena,19,3261
1641,Theodore,Reagan:&jRduQR,Theodore.Reagan@yahoo.net,02-01-2015,Santa Fe,14,2188
1642,Ulysses,Jefferson:&IvQrw9,Ulysses.Jefferson@gmail.org,11-02-2016,Sacramento,15,4809
1643,Woodrow,Kennedy:&Bx3PBn,"Woodrow.Kennedy@gmail.net,Woodrow.Kennedy@company.org",05-02-2016,Lincoln,8,2184
1644,Warren,Taft:&93cHd4,"Warren.Taft@yahoo.com,Warren.Taft@company.org",24-09-2015,Topeka,20,4350
1645,Millard,Adams:&es1Erp,"Millard.Adams@gmail.com,Millard.Adams@company.org",29-04-2016,Boise,15,3307
1646,Millard,Fillmore:&lYoh5e,Millard.Fillmore@gmail.com,11-03-2015,Atlanta,3,3804
1647,Benjamin,Hoover:&0GxcwH,"Benjamin.Hoover@yahoo.net,Benjamin.Hoover@company.net",10-08-2015,Juneau,14,2267
1648,Bill,Johnson:&eePW1D,Bill.Johnson@yahoo.com,02-01-2016,Denver,15,3447
1649,Andrew,Arthur:&s9IFuT,Andrew.Arthur@yahoo.com,04-04-2015,Little Rock,2,3641
1650,William,Carter:&MCyw6U,"William.Carter@yahoo.com,William.Carter@company.org",21-10-2016,Honolulu,4,2039
1651,William,Kennedy:&qdDfrz,"William.Kennedy@yahoo.net,William.Kennedy@company.org",14-09-2015,Madison,3,3470
1652,Benjamin,Washington:&agr7dQ,"Benjamin.Washington@gmail.org,Benjamin.Washington@company.net",15-01-2015,Raleigh,18,3552
1653,Ronald,Coolidge:&2f8hC7,Ronald.Coolidge@gmail.com,30-11-2016,Trenton,19,2254
1654,Bill,Carter:&Lv3FPv,"Bill.Carter@yahoo.net,Bill.Carter@company.org",03-06-2016,Austin,15,2870
1655,Benjamin,Arthur:&Ep0Jew,"Benjamin.Arthur@yahoo.net,Benjamin.Arthur@company.org",02-08-2016,Boston,16,2032
1656,Ronald,Eisenhower:&iXFoEP,Ronald.Eisenhower@gmail.com,16-01-2015,Lincoln,10,3413
1657,John,Cleveland:&IWed4c,"John.Cleveland@yahoo.com,John.Cleveland@company.com",31-08-2015,Baton Rouge,10,3035
1658,Calvin,Adams:&IHaKKr,Calvin.Adams@yahoo.net,28-11-2016,Denver,13,3835
1659,Warren,Ford:&Tjcplj,"Warren.Ford@yahoo.org,Warren.Ford@company.net",19-03-2016,Sacramento,12,4906
1660,Warren,Truman:&JHR9Sn,Warren.Truman@gmail.net,11-02-2016,Raleigh,5,4802
1661,George,McKinley:&dmiCNS,George.McKinley@yahoo.net,15-08-2015,Olympia,7,3695
1662,Zachary,Harrison:&ZV8sMw,Zachary.Harrison@gmail.com,08-06-2016,Saint Paul,6,3222
1663,Martin,Pierce:&oOOLaj,"Martin.Pierce@gmail.org,Martin.Pierce@company.org",19-01-2015,Madison,5,2360
1664,Rutherford,Roosevelt:&gImCuM,Rutherford.Roosevelt@gmail.org,23-07-2015,Baton Rouge,15,2930
1665,Lyndon,Hayes:&FMZ27W,"Lyndon.Hayes@yahoo.com,Lyndon.Hayes@company.net",13-09-2016,Olympia,16,4869
1666,Richard,Eisenhower:&DXewNv,"Richard.Eisenhower@gmail.org,Richard.Eisenhower@company.org",18-03-2016,Sacramento,10,3892
1667,Ulysses,Van Buren:&06QYoj,"Ulysses.Van Buren@gmail.org,Ulysses.Van Buren@company.net",24-01-2015,Phoenix,5,4189
1668,John,Taft:&Rl5TdW,John.Taft@gmail.org,20-07-2016,Oklahoma City,16,3555
1669,Jimmy,Roosevelt:&SfpqvG,"Jimmy.Roosevelt@gmail.net,Jimmy.Roosevelt@company.org",12-02-2016,Montpelier,7,4927
1670,Gerald,McKinley:&yJQajs,Gerald.McKinley@yahoo.net,05-12-2015,Austin,6,2671
1671,James,Eisenhower:&9p89hz,"James.Eisenhower@gmail.com,James.Eisenhower@company.org",03-04-2016,Santa Fe,6,4759
1672,Bill,Washington:&4ql6OZ,"Bill.Washington@yahoo.org,Bill.Washington@company.com",30-06-2015,Harrisburg,8,4711
1673,Andrew,Coolidge:&p7TimK,Andrew.Coolidge@gmail.net,27-07-2016,Columbus,1,2460
1674,Grover,Kennedy:&yk6vG7,"Grover.Kennedy@yahoo.org,Grover.Kennedy@company.org",23-01-2016,Little Rock,6,4005
1675,Calvin,Wilson:&J2myuU,"Calvin.Wilson@gmail.net,Calvin.Wilson@company.com",28-07-2016,Cheyenne,1,2545
1676,Warren,Roosevelt:&kMj0FW,"Warren.Roosevelt@yahoo.com,Warren.Roosevelt@company.com",11-03-2016,Little Rock,11,2350
1677,Martin,Adams:&4rO3H5,"Martin.Adams@gmail.org,Martin.Adams@company.org",19-08-2015,Lincoln,20,4886
1678,Lyndon,Buchanan:&XWn8w4,Lyndon.Buchanan@gmail.org,24-07-2016,Hartford,5,3833
1679,John,Quincy:&m8MJcz,John.Quincy@yahoo.org,12-12-2015,Honolulu,4,3151
1680,Thomas,Harding:&nvZ0w0,Thomas.Harding@yahoo.com,19-11-2015,Concord,5,2399
1681,Millard,Reagan:&spSuus,Millard.Reagan@yahoo.com,15-06-2015,Baton Rouge,6,3469
1682,Martin,Fillmore:&IShc2D,Martin.Fillmore@gmail.org,14-10-2015,Saint Paul,7,4888
1683,Bill,Coolidge:&KUHtPv,Bill.Coolidge@gmail.org,05-03-2016,Juneau,17,2395
1684,Woodrow,Lincoln:&F0nykO,"Woodrow.Lincoln@gmail.net,Woodrow.Lincoln@company.net",26-08-2015,Little Rock,4,2164
1685,Theodore,Garfield:&aNKDOO,"Theodore.Garfield@yahoo.net,Theodore.Garfield@company.net",27-12-2015,Juneau,4,2232
1686,Lyndon,Nixon:&5kVuMt,"Lyndon.Nixon@yahoo.com,Lyndon.Nixon@company.org",28-06-2016,Topeka,16,4456
1687,Thomas,Monroe:&UeSfbF,"Thomas.Monroe@yahoo.com,Thomas.Monroe@company.org",18-08-2015,Providence,5,2473
1688,Dwight,Ford:&0YfNiN,"Dwight.Ford@yahoo.net,Dwight.Ford@company.net",17-06-2016,Richmond,10,3141
1689,Grover,Roosevelt:&rNNPbJ,"Grover.Roosevelt@yahoo.com,Grover.Roosevelt@company.org",21-02-2015,Augusta,11,3323
1690,Gerald,Madison:&QtP3wX,"Gerald.Madison@gmail.org,Gerald.Madison@company.org",09-07-2015,Salem,3,4565
1691,Herbert,Coolidge:&TcuA5r,"Herbert.Coolidge@gmail.com,Herbert.Coolidge@company.net",31-07-2016,Indianapolis,7,2657
1692,Ronald,Johnson:&8IlBYQ,"Ronald.Johnson@yahoo.net,Ronald.Johnson@company.net",22-10-2016,Augusta,16,3045
1693,Benjamin,Harrison:&UG8mHa,"Benjamin.Harrison@gmail.org,Benjamin.Harrison@company.com",06-09-2016,Charleston,10,4478
1694,Harry,Hayes:&Y35CvX,"Harry.Hayes@gmail.com,Harry.Hayes@company.com",17-08-2016,Carson City,12,4070
1695,Richard,McKinley:&k3TuPL,"Richard.McKinley@yahoo.org,Richard.McKinley@company.org",07-01-2016,Topeka,15,3044
1696,Herbert,Garfield:&XugxTz,Herbert.Garfield@yahoo.net,18-08-2015,Columbia,5,2542
1697,Theodore,Harding:&xgLSR8,"Theodore.Harding@gmail.com,Theodore.Harding@company.com",03-12-2016,Lansing,12,2141
1698,Abraham,Jackson:&8NQkd8,"Abraham.Jackson@yahoo.com,Abraham.Jackson@company.com",28-01-2015,Madison,20,4029
1699,Bill,Adams:&uITl8G,"Bill.Adams@yahoo.com,Bill.Adams@company.org",17-08-2016,Honolulu,18,4147
1700,Andrew,Harrison:&p5OMmt,Andrew.Harrison@gmail.org,28-09-2015,Montpelier,1,3166
1701,Thomas,Pierce:&M5vMIj,"Thomas.Pierce@yahoo.net,Thomas.Pierce@company.com",14-07-2016,Salem,13,4164
1702,Richard,Ford:&pW3Bm0,Richard.Ford@yahoo.org,16-12-2015,Juneau,4,2829
1703,Millard,Adams:&818iHV,Millard.Adams@yahoo.net,28-05-2016,Juneau,19,3567
1704,Rutherford,Roosevelt:&XstMEL,Rutherford.Roosevelt@gmail.net,28-08-2015,Richmond,14,4136
1705,Calvin,Kennedy:&RmLpnX,Calvin.Kennedy@yahoo.org,18-12-2015,Phoenix,4,4861
1706,Herbert,Tyler:&UKYB6z,Herbert.Tyler@gmail.com,05-01-2016,Santa Fe,1,4682
1707,Abraham,Carter:&eUwRg5,"Abraham.Carter@gmail.net,Abraham.Carter@company.org",04-01-2016,Saint Paul,2,3343
1708,Franklin,Reagan:&2hOpbh,Franklin.Reagan@gmail.org,18-01-2015,Harrisburg,12,4439
1709,Woodrow,Truman:&pP1wki,Woodrow.Truman@gmail.org,27-06-2015,Phoenix,14,2190
1710,Warren,Jackson:&jKVbjj,"Warren.Jackson@gmail.net,Warren.Jackson@company.com",23-08-2016,Jefferson City,6,3098
1711,Bill,Arthur:&1lWeql,Bill.Arthur@gmail.org,11-07-2016,Columbia,9,3186
1712,Martin,Tyler:&MEnJHw,Martin.Tyler@gmail.net,08-10-2015,Concord,6,2655
1713,Woodrow,Truman:&Mosw8D,"Woodrow.Truman@gmail.org,Woodrow.Truman@company.com",17-02-2015,Providence,6,2275
1714,Harry,Garfield:&XmxJmS,Harry.Garfield@yahoo.org,24-01-2015,Trenton,2,2188
1715,Woodrow,Fillmore:&J4qXt9,"Woodrow.Fillmore@gmail.net,Woodrow.Fillmore@company.org",29-09-2016,Honolulu,11,3240
1716,Warren,Grant:&kbhmdX,"Warren.Grant@gmail.net,Warren.Grant@company.net",19-04-2016,Topeka,17,3694
1717,Theodore,Garfield:&GjMBvD,"Theodore.Garfield@gmail.org,Theodore.Garfield@company.org",09-12-2015,Austin,4,3684
1718,Andrew,Nixon:&kXuNNR,Andrew.Nixon@gmail.org,21-06-2015,Providence,3,4988
1719,Martin,Wilson:&yI3phn,"Martin.Wilson@gmail.org,Martin.Wilson@company.com",28-05-2015,Boise,8,3661
1720,Richard,Monroe:&ZDFa5L,Richard.Monroe@yahoo.org,09-09-2016,Lincoln,19,3625
1721,Woodrow,Eisenhower:&IFof9Q,Woodrow.Eisenhower@yahoo.com,24-03-2016,Hartford,7,2160
1722,Andrew,Tyler:&PZ31V6,"Andrew.Tyler@yahoo.net,Andrew.Tyler@company.org",07-03-2016,Carson City,7,2553
1723,Grover,Johnson:&cd5HtZ,Grover.Johnson@yahoo.org,05-04-2016,Providence,4,4612
1724,Bill,Polk:&LMwqNk,Bill.Polk@yahoo.org,15-06-2015,Tallahassee,5,4187
1725,George,McKinley:&E1moNw,George.McKinley@gmail.org,18-01-2015,Sacramento,20,4456
1726,James,Grant:&tOcDId,James.Grant@gmail.org,08-10-2015,Lincoln,7,3119
1727,Harry,Kennedy:&n12Jed,"Harry.Kennedy@gmail.org,Harry.Kennedy@company.com",17-08-2016,Jefferson City,20,2229
1728,Chester,Harrison:&iFhFDm,Chester.Harrison@gmail.com,07-08-2016,Bismarck,19,4943
1729,Rutherford,Carter:&pD4bhd,Rutherford.Carter@yahoo.com,31-10-2016,Oklahoma City,16,3383
1730,Andrew,Eisenhower:&WYw6sX,Andrew.Eisenhower@yahoo.org,25-03-2016,Sacramento,7,2760
1731,Chester,Buchanan:&etQhrs,Chester.Buchanan@yahoo.com,03-08-2016,Helena,14,4874
1732,Richard,Jackson:&QN6PRx,"Richard.Jackson@gmail.com,Richard.Jackson@company.com",19-11-2016,Albany,12,2508
1733,Millard,Pierce:&zwlIte,Millard.Pierce@yahoo.com,18-01-2015,Bismarck,1,2565
1734,Bill,Adams:&0612uS,"Bill.Adams@yahoo.org,Bill.Adams@company.org",22-03-2015,Juneau,4,3432
1735,John,Johnson:&XAb8Uh,"John.Johnson@yahoo.net,John.Johnson@company.net",14-10-2016,Richmond,3,4278
1736,Zachary,Roosevelt:&wqXULQ,Zachary.Roosevelt@gmail.com,16-03-2015,Helena,13,2458
1737,Warren,Polk:&AIvRnW,Warren.Polk@gmail.org,05-04-2015,Lansing,2,4778
1738,William,Taylor:&nonEx8,"William.Taylor@yahoo.org,William.Taylor@company.org",16-03-2015,Little Rock,4,4488
1739,Zachary,Hayes:&dZm1H6,Zachary.Hayes@gmail.com,13-07-2016,Hartford,16,2352
1740,Grover,Quincy:&IS5bRC,Grover.Quincy@gmail.org,10-03-2016,Albany,13,4495
1741,William,Taylor:&seoZsS,"William.Taylor@yahoo.net,William.Taylor@company.net",17-09-2015,Denver,19,3548
1742,William,Garfield:&Z1Me3q,"William.Garfield@yahoo.net,William.Garfield@company.com",08-03-2015,Austin,10,4262
1743,Rutherford,Nixon:&hH8ClP,"Rutherford.Nixon@yahoo.net,Rutherford.Nixon@company.net",21-09-2016,Des Moines,10,4577
1744,Bill,McKinley:&JBphpT,Bill.McKinley@gmail.com,09-12-2016,Boise,3,4514
1745,Benjamin,Adams:&EStwtL,Benjamin.Adams@gmail.com,10-11-2015,Sacramento,17,3003
1746,Franklin,Pierce:&jhXifS,"Franklin.Pierce@yahoo.net,Franklin.Pierce@company.net",09-09-2016,Albany,20,3590
1747,Bill,Buchanan:&djpsEz,"Bill.Buchanan@yahoo.org,Bill.Buchanan@company.org",24-06-2015,Albany,14,2290
1748,Jimmy,Buchanan:&NipVdx,"Jimmy.Buchanan@gmail.com,Jimmy.Buchanan@company.net",05-08-2015,Trenton,5,3520
1749,Herbert,Jackson:&DIqLeg,Herbert.Jackson@yahoo.com,03-02-2015,Columbia,13,3084
1750,Ronald,Carter:&LObslA,Ronald.Carter@yahoo.net,13-11-2015,Juneau,13,4818
1751,Theodore,Reagan:&P6MxDY,"Theodore.Reagan@yahoo.org,Theodore.Reagan@company.org",12-11-2015,Springfield,14,2037
1752,Jimmy,McKinley:&27EdMT,Jimmy.McKinley@gmail.org,29-04-2015,Boston,9,2387
1753,Millard,Madison:&82S35a,Millard.Madison@yahoo.org,20-01-2015,Columbia,9,2964
1754,Richard,Ford:&OAJGPs,"Richard.Ford@yahoo.org,Richard.Ford@company.net",24-10-2015,Columbus,11,2044
1755,John,Fillmore:&o0DGzb,"John.Fillmore@gmail.com,John.Fillmore@company.org",02-01-2016,Springfield,8,3831
1756,Gerald,Van Buren:&JdoknD,Gerald.Van Buren@yahoo.com,09-11-2016,Honolulu,16,2108
1757,Herbert,Wilson:&gXiyKS,Herbert.Wilson@gmail.net,04-10-2015,Denver,15,3476
1758,Ronald,Van Buren:&WOfbnp,"Ronald.Van Buren@yahoo.net,Ronald.Van Buren@company.org",04-11-2015,Boston,14,2252
1759,Chester,Buchanan:&L33Txp,"Chester.Buchanan@yahoo.net,Chester.Buchanan@company.net",12-05-2015,Frankfort,16,4251
1760,Bill,Grant:&nHqo9K,"Bill.Grant@gmail.com,Bill.Grant@company.com",15-08-2016,Richmond,14,4447
1761,Millard,Johnson:&tsAq35,"Millard.Johnson@yahoo.org,Millard.Johnson@company.net",14-05-2016,Nashville,13,2187
1762,Ronald,Taft:&MjVV6u,"Ronald.Taft@gmail.net,Ronald.Taft@company.org",21-08-2015,Concord,4,3992
1763,Zachary,Carter:&9j00mq,Zachary.Carter@gmail.net,09-01-2016,Saint Paul,1,3640
1764,Dwight,Washington:&Ab986y,"Dwight.Washington@yahoo.org,Dwight.Washington@company.net",02-05-2015,Concord,10,2715
1765,Gerald,Johnson:&PvwYzI,"Gerald.Johnson@gmail.org,Gerald.Johnson@company.net",24-01-2015,Providence,6,4722
1766,Lyndon,Taft:&dITIhe,"Lyndon.Taft@gmail.org,Lyndon.Taft@company.net",30-05-2016,Boston,16,4354
1767,Grover,Truman:&EqV3Ky,"Grover.Truman@gmail.org,Grover.Truman@company.net",11-05-2015,Bismarck,14,3006
1768,Theodore,McKinley:&fc3jcm,"Theodore.McKinley@gmail.org,Theodore.McKinley@company.com",28-10-2016,Jackson,20,3673
1769,Grover,Johnson:&4GESYv,"Grover.Johnson@gmail.com,Grover.Johnson@company.net",17-11-2015,Providence,5,4431
1770,Chester,McKinley:&Scu3xx,Chester.McKinley@gmail.org,04-06-2016,Bismarck,13,2588
1771,Chester,Quincy:&K46xUF,"Chester.Quincy@yahoo.com,Chester.Quincy@company.org",06-07-2015,Lincoln,20,3568
1772,Ronald,Johnson:&8gQFXu,"Ronald.Johnson@gmail.com,Ronald.Johnson@company.org",13-02-2015,Denver,8,3108
1773,Martin,Madison:&VR5G8K,"Martin.Madison@yahoo.com,Martin.Madison@company.net",26-02-2016,Salt Lake City,15,2461
1774,George,Buchanan:&W2NWCG,"George.Buchanan@gmail.org,George.Buchanan@company.net",21-01-2015,Concord,5,3565
1775,Andrew,Polk:&Q3WlkO,Andrew.Polk@yahoo.com,24-02-2015,Baton Rouge,3,2559
1776,Lyndon,Taylor:&ZMOGzw,Lyndon.Taylor@gmail.org,18-06-2015,Sacramento,20,3824
1777,Rutherford,Arthur:&RtxQVO,"Rutherford.Arthur@gmail.com,Rutherford.Arthur@company.com",24-04-2015,Hartford,15,3238
1778,Richard,Roosevelt:&e7ATql,"Richard.Roosevelt@gmail.org,Richard.Roosevelt@company.com",06-04-2015,Nashville,2,2506
1779,Andrew,Arthur:&DNrqNZ,Andrew.Arthur@gmail.net,23-12-2015,Albany,4,4754
1780,Chester,Madison:&XBiNPx,Chester.Madison@gmail.net,23-08-2016,Lincoln,1,2289
1781,William,Eisenhower:&1bDz8D,William.Eisenhower@yahoo.com,23-10-2015,Charleston,19,2214
1782,Thomas,Wilson:&rVzaxm,"Thomas.Wilson@gmail.org,Thomas.Wilson@company.com",23-03-2015,Madison,12,3109
1783,John,Madison:&T4Bu06,"John.Madison@yahoo.net,John.Madison@company.net",20-04-2016,Richmond,9,4103
1784,Theodore,Quincy:&hQs9hm,"Theodore.Quincy@yahoo.net,Theodore.Quincy@company.org",03-09-2016,Augusta,12,2134
1785,Calvin,Reagan:&dymDHh,Calvin.Reagan@yahoo.net,13-06-2015,Olympia,1,2678
1786,Dwight,McKinley:&UOeXlz,Dwight.McKinley@gmail.org,17-09-2016,Lincoln,17,2915
1787,Harry,Polk:&RD2wh9,"Harry.Polk@gmail.org,Harry.Polk@company.net",10-08-2015,Augusta,8,4826
1788,Ronald,Washington:&lyCxDU,Ronald.Washington@yahoo.org,25-09-2016,Columbia,17,4528
1789,Theodore,Arthur:&t2pcuW,"Theodore.Arthur@yahoo.com,Theodore.Arthur@company.org",12-07-2016,Albany,5,4522
1790,Ronald,Taylor:&EwpBhS,"Ronald.Taylor@yahoo.com,Ronald.Taylor@company.com",17-02-2016,Albany,15,2816
1791,Warren,Buchanan:&rFWskU,Warren.Buchanan@yahoo.com,10-05-2015,Lansing,3,4913
1792,William,Cleveland:&ujdvfm,"William.Cleveland@gmail.org,William.Cleveland@company.org",03-11-2016,Lincoln,15,4329
1793,John,Cleveland:&WFu6UZ,John.Cleveland@yahoo.org,12-03-2016,Hartford,9,4338
1794,Jimmy,Wilson:&dprHO4,"Jimmy.Wilson@gmail.org,Jimmy.Wilson@company.com",14-07-2015,Indianapolis,14,4781
1795,William,Hoover:&SLhXBM,William.Hoover@yahoo.com,17-11-2015,Boise,2,2527
1796,Martin,Grant:&70S809,"Martin.Grant@gmail.org,Martin.Grant@company.org",06-03-2015,Indianapolis,3,3744
1797,Theodore,Adams:&ww619b,"Theodore.Adams@yahoo.org,Theodore.Adams@company.net",30-08-2016,Tallahassee,5,4709
1798,Bill,Van Buren:&McfVCP,"Bill.Van Buren@gmail.net,Bill.Van Buren@company.org",13-02-2016,Oklahoma City,6,2063
1799,Franklin,Jefferson:&qbMp95,Franklin.Jefferson@yahoo.com,20-09-2015,Dover,15,4281
1800,Woodrow,Carter:&0DtDHD,Woodrow.Carter@gmail.net,19-04-2015,Boston,10,2192
1801,Thomas,Quincy:&GpAwSE,Thomas.Quincy@yahoo.org,28-02-2015,Carson City,10,3200
1802,Calvin,Garfield:&q3WMPx,Calvin.Garfield@gmail.org,20-11-2016,Trenton,14,2339
1803,Lyndon,Harrison:&oA8fzf,Lyndon.Harrison@gmail.net,14-01-2015,Salem,5,4278
1804,John,Monroe:&xhzh1u,John.Monroe@gmail.org,12-04-2015,Harrisburg,18,2499
1805,William,Harding:&PRqujn,"William.Harding@gmail.com,William.Harding@company.org",12-03-2016,Bismarck,15,2602
1806,Millard,Truman:&bGEjAP,Millard.Truman@gmail.com,19-09-2016,Honolulu,1,2143
1807,George,Adams:&eV1WGK,George.Adams@yahoo.org,08-03-2016,Jefferson City,16,4585
1808,Theodore,Adams:&affUa0,"Theodore.Adams@gmail.net,Theodore.Adams@company.com",03-05-2015,Augusta,5,4702
1809,Ronald,Clinton:&o5BDzu,"Ronald.Clinton@yahoo.org,Ronald.Clinton@company.net",20-05-2015,Providence,13,2450
1810,Woodrow,Adams:&zuplOJ,Woodrow.Adams@gmail.net,06-08-2015,Des Moines,8,2240
1811,Gerald,Monroe:&b2435a,"Gerald.Monroe@yahoo.com,Gerald.Monroe@company.net",22-01-2015,Concord,9,3621
1812,Chester,Nixon:&lLnPvE,Chester.Nixon@yahoo.net,03-06-2016,Concord,17,2905
1813,Millard,Pierce:&BFotaF,Millard.Pierce@yahoo.net,07-03-2015,Bismarck,8,4848
1814,Franklin,Johnson:&JVPkdn,"Franklin.Johnson@gmail.com,Franklin.Johnson@company.com",01-11-2015,Indianapolis,19,4016
1815,Millard,Grant:&cZzxGb,"Millard.Grant@yahoo.net,Millard.Grant@company.org",23-07-2015,Juneau,5,2747
1816,Millard,Arthur:&UCARQs,Millard.Arthur@gmail.org,20-12-2015,Providence,17,4593
1817,Herbert,Wilson:&MyG6vS,"Herbert.Wilson@yahoo.com,Herbert.Wilson@company.com",25-11-2016,Concord,3,2806
1818,Gerald,Quincy:&GWyU63,Gerald.Quincy@gmail.com,24-07-2015,Little Rock,6,4464
1819,Calvin,Lincoln:&tbVNPY,"Calvin.Lincoln@yahoo.net,Calvin.Lincoln@company.com",25-11-2015,Jackson,2,4422
1820,Gerald,Roosevelt:&W7lEHJ,"Gerald.Roosevelt@yahoo.com,Gerald.Roosevelt@company.net",19-02-2015,Juneau,3,3088
1821,Lyndon,Madison:&PydAFN,"Lyndon.Madison@gmail.com,Lyndon.Madison@company.org",06-01-2016,Helena,11,3291
1822,Lyndon,Fillmore:&6zswWs,Lyndon.Fillmore@yahoo.net,02-01-2016,Indianapolis,18,2307
1823,George,Hayes:&MMjjIe,"George.Hayes@yahoo.org,George.Hayes@company.com",04-03-2015,Charleston,11,4592
1824,Bill,Fillmore:&fwLhYj,Bill.Fillmore@yahoo.org,16-07-2015,Lansing,13,3155
1825,Woodrow,Clinton:&UsBeeJ,Woodrow.Clinton@yahoo.net,24-06-2016,Olympia,14,4188
1826,John,Madison:&hdbzvv,John.Madison@yahoo.org,31-05-2016,Sacramento,5,2391
1827,Rutherford,Cleveland:&pGYQtJ,Rutherford.Cleveland@yahoo.org,05-11-2015,Pierre,16,4004
1828,Gerald,Hayes:&eQeLYN,Gerald.Hayes@yahoo.com,25-03-2016,Boise,8,4505
1829,Chester,Cleveland:&j1hWnd,"Chester.Cleveland@yahoo.org,Chester.Cleveland@company.org",12-10-2015,Boise,8,3939
1830,James,Harrison:&XBVFpj,James.Harrison@yahoo.net,16-02-2015,Salt Lake City,11,2761
1831,Ronald,Adams:&zj8aSB,Ronald.Adams@yahoo.com,05-07-2015,Dover,13,3159
1832,Benjamin,Quincy:&F9yFQD,"Benjamin.Quincy@gmail.com,Benjamin.Quincy@company.net",02-03-2016,Denver,5,2749
1833,Jimmy,Cleveland:&ITTEF6,Jimmy.Cleveland@gmail.com,23-01-2016,Saint Paul,13,4390
1834,Jimmy,Jefferson:&qgjiTh,"Jimmy.Jefferson@yahoo.org,Jimmy.Jefferson@company.com",11-05-2015,Atlanta,13,3282
1835,Harry,Harding:&bilGpn,"Harry.Harding@yahoo.com,Harry.Harding@company.org",08-09-2016,Honolulu,6,4895
1836,Ronald,Jefferson:&37P2lt,"Ronald.Jefferson@gmail.com,Ronald.Jefferson@company.com",28-03-2015,Charleston,13,2185
1837,Grover,Taft:&3w9JNn,Grover.Taft@yahoo.net,18-02-2015,Denver,11,2794
1838,Franklin,Adams:&HD1LCT,Franklin.Adams@gmail.org,20-08-2015,Albany,19,4515
1839,James,Coolidge:&pMgfgX,James.Coolidge@gmail.com,02-02-2016,Lincoln,13,2896
1840,Gerald,Carter:&nHPKNn,"Gerald.Carter@gmail.org,Gerald.Carter@company.org",10-05-2016,Raleigh,17,3978
1841,Herbert,Johnson:&n01dqH,Herbert.Johnson@yahoo.com,15-11-2015,Lincoln,11,2252
1842,Lyndon,Polk:&qdRQyk,"Lyndon.Polk@gmail.org,Lyndon.Polk@company.com",20-01-2016,Santa Fe,19,2672
1843,Andrew,Johnson:&awwI1G,"Andrew.Johnson@gmail.org,Andrew.Johnson@company.org",19-09-2016,Salt Lake City,1,3932
1844,Gerald,Grant:&e4ohta,"Gerald.Grant@gmail.org,Gerald.Grant@company.net",25-02-2016,Carson City,13,3308
1845,Benjamin,Tyler:&xO7qcL,"Benjamin.Tyler@gmail.net,Benjamin.Tyler@company.net",10-03-2016,Austin,16,3461
1846,Chester,Quincy:&YTNSfc,Chester.Quincy@gmail.com,02-10-2016,Richmond,13,4373
1847,Rutherford,Polk:&KR3azm,"Rutherford.Polk@yahoo.org,Rutherford.Polk@company.com",20-09-2015,Honolulu,20,3854
1848,John,Johnson:&zJDkux,"John.Johnson@yahoo.com,John.Johnson@company.org",23-04-2015,Lincoln,8,2831
1849,Theodore,Cleveland:&RrZzV3,"Theodore.Cleveland@yahoo.com,Theodore.Cleveland@company.net",14-08-2015,Richmond,16,4304
1850,Millard,McKinley:&oPWl4X,"Millard.McKinley@gmail.org,Millard.McKinley@company.org",11-05-2015,Pierre,11,2094
1851,Gerald,Madison:&NT5sng,Gerald.Madison@gmail.net,19-01-2016,Indianapolis,19,2477
1852,Benjamin,Tyler:&6KszNU,Benjamin.Tyler@yahoo.net,23-11-2015,Denver,2,4867
1853,Grover,Adams:&ewKPiE,"Grover.Adams@yahoo.com,Grover.Adams@company.com",22-09-2015,Jackson,7,4896
1854,Franklin,Carter:&JzCmJ7,Franklin.Carter@gmail.net,08-02-2015,Montgomery,16,3187
1855,Franklin,Ford:&I88TWz,"Franklin.Ford@yahoo.com,Franklin.Ford@company.org",05-06-2016,Austin,1,2869
1856,Ronald,Fillmore:&fvBllN,Ronald.Fillmore@gmail.org,17-01-2015,Jackson,14,3223
1857,George,Garfield:&2uVTbR,George.Garfield@gmail.net,04-08-2016,Topeka,8,2881
1858,Ulysses,Reagan:&apJ3GZ,Ulysses.Reagan@gmail.org,19-12-2016,Springfield,16,2660
1859,Jimmy,Polk:&rJ43Or,Jimmy.Polk@gmail.com,26-04-2015,Albany,13,4158
1860,Dwight,Quincy:&iJprnU,"Dwight.Quincy@yahoo.com,Dwight.Quincy@company.com",20-12-2016,Hartford,6,2923
1861,William,Eisenhower:&00xe5s,William.Eisenhower@gmail.com,17-03-2016,Olympia,18,4333
1862,Ronald,Harrison:&Sl9r7J,Ronald.Harrison@yahoo.net,21-03-2016,Springfield,14,3430
1863,Chester,Hoover:&Yi8BFp,Chester.Hoover@yahoo.com,20-09-2016,Augusta,14,4944
1864,Herbert,Tyler:&6VZso2,Herbert.Tyler@yahoo.com,28-04-2015,Phoenix,20,2329
1865,Thomas,Ford:&RC2oKl,"Thomas.Ford@gmail.org,Thomas.Ford@company.com",04-03-2016,Little Rock,3,3426
1866,Richard,Clinton:&xEBfB3,"Richard.Clinton@gmail.com,Richard.Clinton@company.net",19-04-2016,Helena,13,2307
1867,Herbert,Roosevelt:&vd5ejO,Herbert.Roosevelt@yahoo.org,29-12-2016,Providence,7,4263
1868,Ulysses,Garfield:&mh8Bej,"Ulysses.Garfield@yahoo.net,Ulysses.Garfield@company.com",28-04-2016,Albany,9,2207
1869,Rutherford,Adams:&tT1Sdf,Rutherford.Adams@gmail.org,17-11-2016,Columbus,10,3927
1870,Rutherford,Fillmore:&UVGPF3,Rutherford.Fillmore@yahoo.net,01-11-2016,Honolulu,2,2163
1871,Thomas,Quincy:&oT8lUa,"Thomas.Quincy@gmail.net,Thomas.Quincy@company.com",29-03-2015,Indianapolis,15,2005
1872,Dwight,Truman:&HGDCh5,Dwight.Truman@gmail.net,27-08-2016,Indianapolis,7,3866
1873,Chester,Nixon:&zT8BUy,"Chester.Nixon@gmail.com,Chester.Nixon@company.org",03-03-2016,Concord,13,3243
1874,Rutherford,Quincy:&sa89XJ,Rutherford.Quincy@yahoo.org,14-12-2016,Augusta,7,4939
1875,Ronald,Carter:&42nsjT,"Ronald.Carter@yahoo.com,Ronald.Carter@company.net",14-12-2015,Olympia,6,4675
1876,William,McKinley:&1UrQBe,William.McKinley@yahoo.org,12-12-2015,Dover,6,2725
1877,Andrew,Harrison:&341D03,"Andrew.Harrison@gmail.org,Andrew.Harrison@company.org",30-03-2015,Trenton,10,2940
1878,Chester,Hayes:&y6U3qf,"Chester.Hayes@gmail.org,Chester.Hayes@company.com",06-11-2015,Columbia,14,2164
1879,Bill,Harrison:&QEoxG7,"Bill.Harrison@yahoo.net,Bill.Harrison@company.com",30-03-2015,Jefferson City,16,3610
1880,Warren,Roosevelt:&fhnFHA,Warren.Roosevelt@gmail.net,13-11-2015,Jefferson City,8,3769
1881,Theodore,Jefferson:&CKeesP,"Theodore.Jefferson@gmail.org,Theodore.Jefferson@company.net",08-07-2015,Santa Fe,5,3287
1882,Rutherford,Buchanan:&kXNiBS,"Rutherford.Buchanan@yahoo.org,Rutherford.Buchanan@company.org",08-07-2016,Denver,16,4222
1883,James,Garfield:&OTQRFL,"James.Garfield@gmail.net,James.Garfield@company.net",01-06-2016,Providence,11,4302
1884,James,Taft:&cmw1su,James.Taft@gmail.net,31-07-2015,Little Rock,13,4168
1885,Thomas,Kennedy:&vDyY8e,"Thomas.Kennedy@gmail.org,Thomas.Kennedy@company.org",17-08-2016,Salt Lake City,9,2213
1886,Martin,Reagan:&H7NqJK,Martin.Reagan@gmail.org,10-08-2015,Little Rock,17,4580
1887,Lyndon,Roosevelt:&mbrRfN,Lyndon.Roosevelt@yahoo.org,11-11-2016,Tallahassee,3,4937
1888,Dwight,Hoover:&Ow4VU4,Dwight.Hoover@yahoo.net,19-04-2015,Columbia,13,2825
1889,Gerald,Cleveland:&EBrDAS,"Gerald.Cleveland@yahoo.org,Gerald.Cleveland@company.net",03-04-2015,Montpelier,18,3784
1890,Jimmy,Eisenhower:&TTa03e,"Jimmy.Eisenhower@yahoo.org,Jimmy.Eisenhower@company.net",31-10-2015,Helena,14,4652
1891,Theodore,Reagan:&uzYHV5,Theodore.Reagan@gmail.org,25-04-2015,Jefferson City,17,2032
1892,Andrew,Cleveland:&3jPwKR,Andrew.Cleveland@gmail.org,12-05-2016,Santa Fe,2,3211
1893,Franklin,Arthur:&Q3pjhT,Franklin.Arthur@yahoo.org,03-05-2015,Boston,6,3310
1894,Millard,Washington:&iD6p2b,Millard.Washington@gmail.org,11-07-2015,Madison,7,2545
1895,George,Ford:&LB3baR,George.Ford@gmail.org,29-11-2016,Charleston,10,2842
1896,George,Hoover:&9t9di2,George.Hoover@yahoo.org,03-10-2016,Tallahassee,11,2361
1897,Calvin,Hoover:&zootDj,"Calvin.Hoover@gmail.net,Calvin.Hoover@company.org",12-03-2015,Oklahoma City,1,4059
1898,George,Johnson:&lUn7oB,George.Johnson@yahoo.org,22-09-2016,Salt Lake City,14,2749
1899,Warren,Roosevelt:&hcLx3W,"Warren.Roosevelt@gmail.com,Warren.Roosevelt@company.com",25-09-2015,Providence,17,4053
1900,Harry,Washington:&J0FYdM,Harry.Washington@gmail.com,19-12-2015,Little Rock,10,3856
1901,James,Kennedy:&TV7wO2,"James.Kennedy@gmail.net,James.Kennedy@company.org",31-10-2015,Providence,5,2297
1902,Martin,Buchanan:&WMmXH1,Martin.Buchanan@gmail.net,24-04-2015,Atlanta,2,3885
1903,Gerald,Kennedy:&9BLPKe,"Gerald.Kennedy@gmail.com,Gerald.Kennedy@company.org",19-11-2015,Madison,2,4537
1904,Herbert,Carter:&DrxgGS,Herbert.Carter@gmail.net,07-06-2016,Bismarck,11,4031
1905,John,Taylor:&UB6ilA,John.Taylor@gmail.com,15-03-2015,Providence,17,5000
1906,Abraham,Pierce:&K7rULK,"Abraham.Pierce@gmail.net,Abraham.Pierce@company.org",18-05-2015,Jackson,19,3504
1907,Ulysses,Truman:&kt6qaE,Ulysses.Truman@yahoo.net,18-06-2016,Little Rock,9,2830
1908,Gerald,Harrison:&yCiJ29,"Gerald.Harrison@gmail.com,Gerald.Harrison@company.com",14-02-2015,Indianapolis,20,2205
1909,Dwight,Harrison:&rUIctj,Dwight.Harrison@gmail.net,07-09-2015,Baton Rouge,13,3069
1910,Andrew,Fillmore:&Snha14,"Andrew.Fillmore@yahoo.org,Andrew.Fillmore@company.net",21-12-2016,Richmond,18,2715
1911,Ulysses,Lincoln:&Mc73hb,Ulysses.Lincoln@gmail.net,06-07-2015,Lansing,3,3332
1912,Richard,Buchanan:&iFxqWZ,"Richard.Buchanan@yahoo.com,Richard.Buchanan@company.com",21-04-2016,Concord,19,3244
1913,Jimmy,Quincy:&0lbh3O,"Jimmy.Quincy@yahoo.org,Jimmy.Quincy@company.net",22-06-2016,Little Rock,19,2392
1914,Thomas,Lincoln:&fqxIsR,"Thomas.Lincoln@gmail.com,Thomas.Lincoln@company.com",01-03-2015,Charleston,18,3974
1915,Grover,Hayes:&XtTl5F,"Grover.Hayes@gmail.net,Grover.Hayes@company.org",11-07-2016,Hartford,7,4474
1916,Herbert,Harrison:&5Ze95r,Herbert.Harrison@gmail.net,06-02-2016,Denver,1,3745
1917,Abraham,Clinton:&sce6Lw,Abraham.Clinton@gmail.org,23-12-2016,Salt Lake City,10,3943
1918,Thomas,Adams:&UPQiz6,"Thomas.Adams@yahoo.org,Thomas.Adams@company.org",08-10-2015,Montpelier,10,2883
1919,Calvin,Pierce:&c7xzrK,Calvin.Pierce@gmail.net,10-09-2016,Montpelier,17,4573
1920,Jimmy,Van Buren:&zBeWOl,Jimmy.Van Buren@gmail.org,04-01-2015,Raleigh,20,2378
1921,George,Monroe:&EzDbVo,"George.Monroe@yahoo.com,George.Monroe@company.net",22-09-2015,Jackson,11,2603
1922,George,Quincy:&HKQpr7,"George.Quincy@gmail.net,George.Quincy@company.com",23-09-2016,Des Moines,17,3190
1923,Ronald,Arthur:&4azsJs,Ronald.Arthur@yahoo.org,12-04-2015,Helena,11,3012
1924,Bill,Adams:&NwtjGf,Bill.Adams@yahoo.net,08-04-2015,Austin,4,2963
1925,Calvin,Monroe:&MowVSR,Calvin.Monroe@gmail.com,23-07-2016,Atlanta,19,4356
1926,Dwight,Kennedy:&rxLubN,Dwight.Kennedy@gmail.org,27-05-2016,Santa Fe,10,3105
1927,Benjamin,Taylor:&sP5NZE,Benjamin.Taylor@gmail.org,10-11-2015,Oklahoma City,12,3496
1928,William,Nixon:&nR2bmc,William.Nixon@gmail.com,24-02-2015,Annapolis,15,3449
1929,James,Carter:&aeoLwA,James.Carter@yahoo.com,18-12-2016,Jefferson City,9,4616
1930,Woodrow,Lincoln:&iPJWea,Woodrow.Lincoln@gmail.net,10-08-2016,Hartford,15,2530
1931,Dwight,Garfield:&CvyLj3,"Dwight.Garfield@yahoo.com,Dwight.Garfield@company.org",16-02-2016,Tallahassee,3,2050
1932,Ulysses,Roosevelt:&fQLLUo,Ulysses.Roosevelt@yahoo.com,28-06-2016,Olympia,2,3448
1933,Woodrow,Cleveland:&TB1jzl,"Woodrow.Cleveland@gmail.org,Woodrow.Cleveland@company.org",26-03-2015,Augusta,20,4680
1934,Martin,Arthur:&h2G9DN,Martin.Arthur@yahoo.org,14-02-2016,Hartford,8,3606
1935,Andrew,Adams:&g4Wchi,Andrew.Adams@gmail.org,13-11-2016,Cheyenne,3,3350
1936,James,Grant:&bKidnz,"James.Grant@yahoo.net,James.Grant@company.com",04-05-2015,Oklahoma City,19,3957
1937,Jimmy,Carter:&MzWEWD,Jimmy.Carter@yahoo.com,20-03-2016,Raleigh,15,2394
1938,Richard,Jackson:&zxiwVO,"Richard.Jackson@yahoo.net,Richard.Jackson@company.com",04-01-2016,Olympia,13,3384
1939,Dwight,Washington:&qNaX8V,"Dwight.Washington@gmail.com,Dwight.Washington@company.com",04-03-2015,Dover,12,2351
1940,Benjamin,Harding:&qj1A3Y,Benjamin.Harding@gmail.org,22-09-2016,Frankfort,8,4916
1941,Jimmy,Fillmore:&HGUl4w,"Jimmy.Fillmore@yahoo.com,Jimmy.Fillmore@company.net",09-04-2015,Denver,20,2017
1942,John,Roosevelt:&v5zGDE,John.Roosevelt@gmail.org,28-03-2015,Dover,4,2507
1943,Bill,Johnson:&nZcka9,Bill.Johnson@yahoo.org,02-06-2016,Springfield,14,4173
1944,Andrew,Adams:&oCPpVD,Andrew.Adams@gmail.org,02-05-2015,Madison,19,2539
1945,Dwight,Nixon:&JRInAx,Dwight.Nixon@yahoo.com,23-08-2016,Boise,5,3996
1946,Herbert,Pierce:&HMvux5,"Herbert.Pierce@gmail.com,Herbert.Pierce@company.net",30-12-2016,Concord,20,2440
1947,Rutherford,Van Buren:&igsOIb,Rutherford.Van Buren@gmail.net,24-12-2016,Bismarck,17,3192
1948,Warren,Roosevelt:&6Ol9Wb,"Warren.Roosevelt@yahoo.com,Warren.Roosevelt@company.net",11-12-2015,Richmond,2,3257
1949,Herbert,Harding:&SqUN8A,"Herbert.Harding@gmail.com,Herbert.Harding@company.net",20-05-2016,Hartford,9,2906
1950,Dwight,Kennedy:&10A4cO,Dwight.Kennedy@yahoo.com,12-05-2015,Juneau,13,4519
1951,Ulysses,Adams:&V05gN8,Ulysses.Adams@gmail.net,08-10-2016,Charleston,18,3115
1952,Richard,Jefferson:&vvDosf,Richard.Jefferson@gmail.com,17-03-2016,Phoenix,12,2165
1953,Chester,Reagan:&UOxP7K,Chester.Reagan@yahoo.com,08-09-2016,Topeka,9,4409
1954,Gerald,Tyler:&fQ2P02,Gerald.Tyler@gmail.org,23-04-2015,Hartford,14,2041
1955,Andrew,Harrison:&SI571w,"Andrew.Harrison@gmail.org,Andrew.Harrison@company.net",16-10-2016,Montgomery,9,2204
1956,Warren,Adams:&gr8Dr9,"Warren.Adams@yahoo.net,Warren.Adams@company.org",17-04-2016,Raleigh,19,3594
1957,Calvin,Cleveland:&JGdrk5,"Calvin.Cleveland@gmail.com,Calvin.Cleveland@company.com",13-08-2016,Charleston,15,3771
1958,Thomas,Arthur:&osdfFa,Thomas.Arthur@gmail.net,14-12-2015,Montgomery,9,3215
1959,Millard,Roosevelt:&JrmvdY,"Millard.Roosevelt@gmail.org,Millard.Roosevelt@company.net",05-12-2016,Richmond,12,4085
1960,James,Johnson:&g0NKYu,James.Johnson@gmail.org,28-03-2016,Trenton,11,2903
1961,Grover,Pierce:&92z4yk,Grover.Pierce@yahoo.net,11-02-2016,Topeka,17,2252
1962,Chester,Garfield:&rrMS71,"Chester.Garfield@gmail.org,Chester.Garfield@company.org",14-03-2015,Albany,20,3080
1963,Woodrow,Adams:&wObrPX,Woodrow.Adams@gmail.org,25-11-2016,Austin,11,3186
1964,Herbert,Coolidge:&A1rQFn,Herbert.Coolidge@yahoo.net,01-11-2015,Pierre,14,2317
1965,Theodore,Monroe:&qYwM33,Theodore.Monroe@gmail.org,14-08-2016,Dover,3,4996
1966,Ronald,Johnson:&KOc58K,Ronald.Johnson@yahoo.com,13-01-2016,Concord,4,4434
1967,Millard,Taylor:&hGhqKG,Millard.Taylor@yahoo.com,01-02-2015,Sacramento,9,3589
1968,Bill,Garfield:&zBwDte,Bill.Garfield@yahoo.org,24-03-2016,Tallahassee,11,4321
1969,William,Johnson:&Alq96f,William.Johnson@yahoo.com,03-06-2016,Santa Fe,18,3810
1970,Millard,Van Buren:&5pcsqA,Millard.Van Buren@gmail.net,27-10-2015,Hartford,20,2284
1971,Herbert,Adams:&25i58S,Herbert.Adams@gmail.net,25-01-2016,Harrisburg,20,3724
1972,Grover,Garfield:&7laVE8,Grover.Garfield@yahoo.org,02-02-2016,Harrisburg,17,3468
1973,Theodore,Adams:&c7cuYB,"Theodore.Adams@gmail.org,Theodore.Adams@company.org",31-12-2016,Austin,7,4924
1974,Calvin,Clinton:&PtaN8u,"Calvin.Clinton@yahoo.net,Calvin.Clinton@company.com",05-06-2015,Tallahassee,18,3092
1975,Chester,Roosevelt:&5A3aVx,Chester.Roosevelt@gmail.org,12-05-2016,Harrisburg,13,4517
1976,Benjamin,Johnson:&FQydut,"Benjamin.Johnson@yahoo.net,Benjamin.Johnson@company.net",26-08-2016,Hartford,5,3453
1977,George,Hoover:&6VPIa9,"George.Hoover@yahoo.net,George.Hoover@company.org",11-06-2016,Lincoln,16,2686
1978,Warren,Clinton:&8AIuZK,"Warren.Clinton@yahoo.com,Warren.Clinton@company.com",30-09-2015,Sacramento,13,2168
1979,Rutherford,Pierce:&gu5BFx,"Rutherford.Pierce@gmail.com,Rutherford.Pierce@company.net",01-02-2015,Jackson,2,2665
1980,Herbert,Taft:&z5kJ6m,"Herbert.Taft@yahoo.org,Herbert.Taft@company.org",08-02-2016,Bismarck,20,2489
1981,Chester,Reagan:&dWqFmm,"Chester.Reagan@yahoo.org,Chester.Reagan@company.org",08-03-2015,Charleston,5,4889
1982,Lyndon,Washington:&rsQbM2,"Lyndon.Washington@gmail.com,Lyndon.Washington@company.com",30-04-2016,Atlanta,13,4352
1983,Richard,Johnson:&mXyJcY,"Richard.Johnson@yahoo.org,Richard.Johnson@company.com",25-02-2016,Atlanta,1,3467
1984,Dwight,Harrison:&9Rpjrm,Dwight.Harrison@gmail.com,26-07-2015,Dover,14,2158
1985,Calvin,Monroe:&mISWKC,Calvin.Monroe@gmail.com,28-02-2016,Juneau,14,2694
1986,Woodrow,Carter:&EmeLpv,Woodrow.Carter@gmail.org,07-10-2015,Juneau,6,2928
1987,Franklin,Madison:&MB8Tbu,"Franklin.Madison@gmail.net,Franklin.Madison@company.com",29-03-2016,Olympia,2,3724
1988,Ulysses,Jackson:&ESKkvc,"Ulysses.Jackson@yahoo.com,Ulysses.Jackson@company.net",04-05-2016,Juneau,17,2824
1989,Thomas,Johnson:&03dfLW,Thomas.Johnson@gmail.com,12-08-2016,Columbus,11,2726
1990,Ulysses,Washington:&2TG8HL,"Ulysses.Washington@gmail.com,Ulysses.Washington@company.net",25-07-2016,Dover,16,2270
1991,Theodore,Carter:&x1Ea8K,"Theodore.Carter@gmail.com,Theodore.Carter@company.net",22-03-2016,Salt Lake City,3,3992
1992,Theodore,Madison:&5MBSpn,Theodore.Madison@yahoo.com,28-05-2015,Madison,11,2069
1993,Rutherford,Reagan:&z8R71X,Rutherford.Reagan@yahoo.com,03-11-2016,Augusta,12,2431
1994,Abraham,Reagan:&YAa0ix,"Abraham.Reagan@gmail.org,Abraham.Reagan@company.com",03-06-2016,Charleston,1,2592
1995,George,Wilson:&BFBPZo,"George.Wilson@gmail.org,George.Wilson@company.net",24-04-2015,Oklahoma City,2,3350
1996,James,Cleveland:&EWDOta,"James.Cleveland@yahoo.com,James.Cleveland@company.com",26-03-2015,Annapolis,14,4023
1997,Chester,Carter:&k1P0aS,Chester.Carter@gmail.org,09-06-2016,Richmond,19,3467
1998,Richard,Harding:&8bfbP3,"Richard.Harding@yahoo.org,Richard.Harding@company.com",09-01-2015,Richmond,8,2185
1999,James,Harrison:&kOnwsX,James.Harrison@gmail.net,30-08-2015,Little Rock,16,3336
